State,District,Crop,Year,Season,Area,Area Units,Production,Production Units,Yield
Andaman and Nicobar Islands,NICOBARS,Arecanut,2001-02,Kharif,1254,Hectare,2061,Tonnes,1.64354067
Andaman and Nicobar Islands,NICOBARS,Arecanut,2002-03,Whole Year,1258,Hectare,2083,Tonnes,1.655802862
Andaman and Nicobar Islands,NICOBARS,Arecanut,2003-04,Whole Year,1261,Hectare,1525,Tonnes,1.209357653
Andaman and Nicobar Islands,NORTH AND MIDDLE ANDAMAN,Arecanut,2001-02,Kharif,3100,Hectare,5239,Tonnes,1.69
Andaman and Nicobar Islands,SOUTH ANDAMANS,Arecanut,2002-03,Whole Year,3105,Hectare,5267,Tonnes,1.696296296
Andaman and Nicobar Islands,SOUTH ANDAMANS,Arecanut,2003-04,Whole Year,3118,Hectare,5182,Tonnes,1.661962797
Andaman and Nicobar Islands,NICOBARS,Banana,2002-03,Whole Year,213,Hectare,1278,Tonnes,6
Andaman and Nicobar Islands,NICOBARS,Banana,2003-04,Whole Year,266,Hectare,1763,Tonnes,6.627819549
Andaman and Nicobar Islands,SOUTH ANDAMANS,Banana,2002-03,Whole Year,1524,Hectare,10882,Tonnes,7.140419948
Andaman and Nicobar Islands,SOUTH ANDAMANS,Banana,2003-04,Whole Year,1530,Hectare,11558,Tonnes,7.554248366
Andaman and Nicobar Islands,NICOBARS,Black pepper,2002-03,Whole Year,63,Hectare,13.5,Tonnes,0.214285714
Andaman and Nicobar Islands,NICOBARS,Black pepper,2003-04,Whole Year,75.5,Hectare,15.86,Tonnes,0.210066225
Andaman and Nicobar Islands,SOUTH ANDAMANS,Black pepper,2002-03,Whole Year,487,Hectare,102.5,Tonnes,0.210472279
Andaman and Nicobar Islands,SOUTH ANDAMANS,Black pepper,2003-04,Whole Year,497,Hectare,104.37,Tonnes,0.21
Andaman and Nicobar Islands,NICOBARS,Cashewnut,2001-02,Whole Year,719,Hectare,192,Tonnes,0.267037552
Andaman and Nicobar Islands,NICOBARS,Cashewnut,2002-03,Whole Year,719,Hectare,208,Tonnes,0.289290682
Andaman and Nicobar Islands,NICOBARS,Cashewnut,2003-04,Whole Year,717,Hectare,208.5,Tonnes,0.290794979
Andaman and Nicobar Islands,NORTH AND MIDDLE ANDAMAN,Cashewnut,2001-02,Whole Year,81,Hectare,33,Tonnes,0.407407407
Andaman and Nicobar Islands,SOUTH ANDAMANS,Cashewnut,2002-03,Whole Year,81,Hectare,24,Tonnes,0.296296296
Andaman and Nicobar Islands,SOUTH ANDAMANS,Cashewnut,2003-04,Whole Year,116.5,Hectare,26.14,Tonnes,0.224377682
Andaman and Nicobar Islands,NICOBARS,Coconut,2001-02,Whole Year,18190,Hectare,64430000,Nuts,3542.056075
Andaman and Nicobar Islands,NICOBARS,Coconut,2002-03,Whole Year,18240,Hectare,67490000,Nuts,3700.109649
Andaman and Nicobar Islands,NICOBARS,Coconut,2003-04,Whole Year,18284.74,Hectare,68580000,Nuts,3750.66859
Andaman and Nicobar Islands,NORTH AND MIDDLE ANDAMAN,Coconut,2001-02,Whole Year,7015,Hectare,25250000,Nuts,3599.429793
Andaman and Nicobar Islands,SOUTH ANDAMANS,Coconut,2002-03,Whole Year,7060,Hectare,26830000,Nuts,3800.283286
Andaman and Nicobar Islands,SOUTH ANDAMANS,Coconut,2003-04,Whole Year,7110,Hectare,26660000,Nuts,3749.648383
Andaman and Nicobar Islands,NICOBARS,Dry chillies,2002-03,Whole Year,413,Hectare,28.8,Tonnes,0.069733656
Andaman and Nicobar Islands,NICOBARS,Dry chillies,2003-04,Whole Year,60,Hectare,102,Tonnes,1.7
Andaman and Nicobar Islands,SOUTH ANDAMANS,Dry chillies,2002-03,Whole Year,239,Hectare,20.9,Tonnes,0.087447699
Andaman and Nicobar Islands,SOUTH ANDAMANS,Dry chillies,2003-04,Whole Year,340,Hectare,578,Tonnes,1.7
Andaman and Nicobar Islands,NICOBARS,Ginger,2001-02,Whole Year,46,Hectare,100,Tonnes,2.173913043
Andaman and Nicobar Islands,NICOBARS,Ginger,2002-03,Whole Year,47.3,Hectare,133,Tonnes,2.811839323
Andaman and Nicobar Islands,NICOBARS,Ginger,2003-04,Whole Year,102,Hectare,326.4,Tonnes,3.2
Andaman and Nicobar Islands,NORTH AND MIDDLE ANDAMAN,Ginger,2001-02,Whole Year,344,Hectare,1124,Tonnes,3.26744186
Andaman and Nicobar Islands,SOUTH ANDAMANS,Ginger,2002-03,Whole Year,352,Hectare,1145,Tonnes,3.252840909
Andaman and Nicobar Islands,SOUTH ANDAMANS,Ginger,2003-04,Whole Year,406,Hectare,1299.2,Tonnes,3.2
Andaman and Nicobar Islands,NICOBARS,Other Kharif pulses,2001-02,Kharif,2,Hectare,1,Tonnes,0.5
Andaman and Nicobar Islands,NORTH AND MIDDLE ANDAMAN,Other Kharif pulses,2001-02,Kharif,418,Hectare,199,Tonnes,0.476076555
Andaman and Nicobar Islands,NICOBARS,other oilseeds,2003-04,Whole Year,4.2,Hectare,0.3,Tonnes,0.071428571
Andaman and Nicobar Islands,SOUTH ANDAMANS,other oilseeds,2002-03,Whole Year,85.1,Hectare,40.31,Tonnes,0.473678026
Andaman and Nicobar Islands,SOUTH ANDAMANS,other oilseeds,2003-04,Whole Year,82.09,Hectare,35.51,Tonnes,0.432574004
Andaman and Nicobar Islands,NICOBARS,Rice,2001-02,Kharif,83,Hectare,300,Tonnes,3.614457831
Andaman and Nicobar Islands,NICOBARS,Rice,2002-03,Kharif,189.2,Hectare,510.84,Tonnes,2.7
Andaman and Nicobar Islands,NICOBARS,Rice,2003-04,Kharif,52,Hectare,90.17,Tonnes,1.734038462
Andaman and Nicobar Islands,NORTH AND MIDDLE ANDAMAN,Rice,2001-02,Kharif,9718,Hectare,27033,Tonnes,2.781745215
Andaman and Nicobar Islands,SOUTH ANDAMANS,Rice,2002-03,Kharif,10695.8,Hectare,31600.82,Tonnes,2.954507377
Andaman and Nicobar Islands,SOUTH ANDAMANS,Rice,2003-04,Kharif,10509.37,Hectare,30760.698,Tonnes,2.926978306
Andaman and Nicobar Islands,NICOBARS,Sugarcane,2001-02,Whole Year,1,Hectare,1,Tonnes,1
Andaman and Nicobar Islands,NICOBARS,Sugarcane,2002-03,Whole Year,5,Hectare,40,Tonnes,8
Andaman and Nicobar Islands,NORTH AND MIDDLE ANDAMAN,Sugarcane,2001-02,Whole Year,81,Hectare,2379,Tonnes,29.37037037
Andaman and Nicobar Islands,SOUTH ANDAMANS,Sugarcane,2002-03,Whole Year,455,Hectare,13760,Tonnes,30.24175824
Andaman and Nicobar Islands,SOUTH ANDAMANS,Sugarcane,2003-04,Whole Year,268,Hectare,2879.52,Tonnes,10.74447761
Andaman and Nicobar Islands,NICOBARS,Sweet potato,2001-02,Whole Year,11,Hectare,33,Tonnes,3
Andaman and Nicobar Islands,NORTH AND MIDDLE ANDAMAN,Sweet potato,2001-02,Whole Year,100,Hectare,5,Tonnes,0.05
Andhra Pradesh,ANANTAPUR,Arecanut,2001-02,Whole Year,257,Hectare,430,Tonnes,1.673151751
Andhra Pradesh,ANANTAPUR,Arecanut,2002-03,Whole Year,263,Hectare,379,Tonnes,1.441064639
Andhra Pradesh,ANANTAPUR,Arecanut,2003-04,Whole Year,266,Hectare,189,Tonnes,0.710526316
Andhra Pradesh,EAST GODAVARI,Arecanut,2001-02,Whole Year,7,Hectare,12,Tonnes,1.714285714
Andhra Pradesh,EAST GODAVARI,Arecanut,2002-03,Whole Year,7,Hectare,10,Tonnes,1.428571429
Andhra Pradesh,EAST GODAVARI,Arecanut,2003-04,Whole Year,6,Hectare,4,Tonnes,0.666666667
Andhra Pradesh,KRISHNA,Arecanut,2001-02,Whole Year,4,Hectare,7,Tonnes,1.75
Andhra Pradesh,KRISHNA,Arecanut,2002-03,Whole Year,18,Hectare,26,Tonnes,1.444444444
Andhra Pradesh,KRISHNA,Arecanut,2003-04,Whole Year,18,Hectare,13,Tonnes,0.722222222
Andhra Pradesh,VIZIANAGARAM,Arecanut,2002-03,Whole Year,8,Hectare,12,Tonnes,1.5
Andhra Pradesh,VIZIANAGARAM,Arecanut,2003-04,Whole Year,12,Hectare,9,Tonnes,0.75
Andhra Pradesh,WEST GODAVARI,Arecanut,2003-04,Whole Year,9,Hectare,6,Tonnes,0.666666667
Andhra Pradesh,ADILABAD,Arhar/Tur,2001-02,Kharif,38438,Hectare,18027,Tonnes,0.468989021
Andhra Pradesh,ADILABAD,Arhar/Tur,2001-02,Rabi,652,Hectare,306,Tonnes,0.469325153
Andhra Pradesh,ADILABAD,Arhar/Tur,2002-03,Kharif,40771,Hectare,9989,Tonnes,0.245002575
Andhra Pradesh,ADILABAD,Arhar/Tur,2002-03,Rabi,945,Hectare,232,Tonnes,0.245502646
Andhra Pradesh,ADILABAD,Arhar/Tur,2003-04,Kharif,38393,Hectare,13284,Tonnes,0.346000573
Andhra Pradesh,ADILABAD,Arhar/Tur,2003-04,Rabi,1351,Hectare,467,Tonnes,0.345669874
Andhra Pradesh,ANANTAPUR,Arhar/Tur,2001-02,Kharif,27942,Hectare,7628,Tonnes,0.272994059
Andhra Pradesh,ANANTAPUR,Arhar/Tur,2001-02,Rabi,5,Hectare,1,Tonnes,0.2
Andhra Pradesh,ANANTAPUR,Arhar/Tur,2002-03,Kharif,33454,Hectare,6557,Tonnes,0.196000478
Andhra Pradesh,ANANTAPUR,Arhar/Tur,2003-04,Kharif,41178,Hectare,6959,Tonnes,0.168998009
Andhra Pradesh,CHITTOOR,Arhar/Tur,2001-02,Kharif,5403,Hectare,924,Tonnes,0.171016102
Andhra Pradesh,CHITTOOR,Arhar/Tur,2002-03,Kharif,4113,Hectare,440,Tonnes,0.106977875
Andhra Pradesh,CHITTOOR,Arhar/Tur,2002-03,Rabi,17,Hectare,2,Tonnes,0.117647059
Andhra Pradesh,CHITTOOR,Arhar/Tur,2003-04,Kharif,8476,Hectare,636,Tonnes,0.075035394
Andhra Pradesh,CHITTOOR,Arhar/Tur,2003-04,Rabi,10,Hectare,1,Tonnes,0.1
Andhra Pradesh,EAST GODAVARI,Arhar/Tur,2001-02,Kharif,1309,Hectare,763,Tonnes,0.582887701
Andhra Pradesh,EAST GODAVARI,Arhar/Tur,2002-03,Kharif,763,Hectare,267,Tonnes,0.349934469
Andhra Pradesh,EAST GODAVARI,Arhar/Tur,2003-04,Kharif,1274,Hectare,539,Tonnes,0.423076923
Andhra Pradesh,GUNTUR,Arhar/Tur,2001-02,Kharif,39203,Hectare,29873,Tonnes,0.76200801
Andhra Pradesh,GUNTUR,Arhar/Tur,2001-02,Rabi,770,Hectare,587,Tonnes,0.762337662
Andhra Pradesh,GUNTUR,Arhar/Tur,2002-03,Kharif,37456,Hectare,19290,Tonnes,0.515004272
Andhra Pradesh,GUNTUR,Arhar/Tur,2002-03,Rabi,1314,Hectare,677,Tonnes,0.5152207
Andhra Pradesh,GUNTUR,Arhar/Tur,2003-04,Kharif,34020,Hectare,17758,Tonnes,0.521987066
Andhra Pradesh,GUNTUR,Arhar/Tur,2003-04,Rabi,762,Hectare,398,Tonnes,0.522309711
Andhra Pradesh,KADAPA,Arhar/Tur,2001-02,Kharif,12059,Hectare,7139,Tonnes,0.592005971
Andhra Pradesh,KADAPA,Arhar/Tur,2001-02,Rabi,67,Hectare,40,Tonnes,0.597014925
Andhra Pradesh,KADAPA,Arhar/Tur,2002-03,Kharif,15983,Hectare,2605,Tonnes,0.162985672
Andhra Pradesh,KADAPA,Arhar/Tur,2002-03,Rabi,36,Hectare,6,Tonnes,0.166666667
Andhra Pradesh,KADAPA,Arhar/Tur,2003-04,Kharif,29594,Hectare,8997,Tonnes,0.304014327
Andhra Pradesh,KADAPA,Arhar/Tur,2003-04,Rabi,75,Hectare,23,Tonnes,0.306666667
Andhra Pradesh,KARIMNAGAR,Arhar/Tur,2001-02,Kharif,4999,Hectare,2649,Tonnes,0.529905981
Andhra Pradesh,KARIMNAGAR,Arhar/Tur,2001-02,Rabi,684,Hectare,363,Tonnes,0.530701754
Andhra Pradesh,KARIMNAGAR,Arhar/Tur,2002-03,Kharif,6620,Hectare,1629,Tonnes,0.246072508
Andhra Pradesh,KARIMNAGAR,Arhar/Tur,2002-03,Rabi,512,Hectare,126,Tonnes,0.24609375
Andhra Pradesh,KARIMNAGAR,Arhar/Tur,2003-04,Kharif,11352,Hectare,4813,Tonnes,0.423978154
Andhra Pradesh,KARIMNAGAR,Arhar/Tur,2003-04,Rabi,889,Hectare,377,Tonnes,0.424071991
Andhra Pradesh,KHAMMAM,Arhar/Tur,2001-02,Kharif,21010,Hectare,9980,Tonnes,0.475011899
Andhra Pradesh,KHAMMAM,Arhar/Tur,2001-02,Rabi,635,Hectare,302,Tonnes,0.475590551
Andhra Pradesh,KHAMMAM,Arhar/Tur,2002-03,Kharif,24448,Hectare,10195,Tonnes,0.417007526
Andhra Pradesh,KHAMMAM,Arhar/Tur,2002-03,Rabi,777,Hectare,324,Tonnes,0.416988417
Andhra Pradesh,KHAMMAM,Arhar/Tur,2003-04,Kharif,29176,Hectare,15405,Tonnes,0.528002468
Andhra Pradesh,KHAMMAM,Arhar/Tur,2003-04,Rabi,774,Hectare,409,Tonnes,0.528423773
Andhra Pradesh,KRISHNA,Arhar/Tur,2001-02,Kharif,7714,Hectare,4922,Tonnes,0.638060669
Andhra Pradesh,KRISHNA,Arhar/Tur,2001-02,Rabi,80,Hectare,51,Tonnes,0.6375
Andhra Pradesh,KRISHNA,Arhar/Tur,2002-03,Kharif,7425,Hectare,3438,Tonnes,0.463030303
Andhra Pradesh,KRISHNA,Arhar/Tur,2002-03,Rabi,126,Hectare,58,Tonnes,0.46031746
Andhra Pradesh,KRISHNA,Arhar/Tur,2003-04,Kharif,9632,Hectare,6357,Tonnes,0.659987542
Andhra Pradesh,KURNOOL,Arhar/Tur,2001-02,Kharif,26743,Hectare,10216,Tonnes,0.382006506
Andhra Pradesh,KURNOOL,Arhar/Tur,2001-02,Rabi,958,Hectare,366,Tonnes,0.382045929
Andhra Pradesh,KURNOOL,Arhar/Tur,2002-03,Kharif,31397,Hectare,13187,Tonnes,0.420008281
Andhra Pradesh,KURNOOL,Arhar/Tur,2002-03,Rabi,622,Hectare,261,Tonnes,0.419614148
Andhra Pradesh,KURNOOL,Arhar/Tur,2003-04,Kharif,33380,Hectare,13552,Tonnes,0.405991612
Andhra Pradesh,KURNOOL,Arhar/Tur,2003-04,Rabi,197,Hectare,80,Tonnes,0.406091371
Andhra Pradesh,MAHBUBNAGAR,Arhar/Tur,2001-02,Kharif,57586,Hectare,16297,Tonnes,0.283002813
Andhra Pradesh,MAHBUBNAGAR,Arhar/Tur,2001-02,Rabi,7,Hectare,2,Tonnes,0.285714286
Andhra Pradesh,MAHBUBNAGAR,Arhar/Tur,2002-03,Kharif,58008,Hectare,24073,Tonnes,0.414994484
Andhra Pradesh,MAHBUBNAGAR,Arhar/Tur,2003-04,Kharif,60205,Hectare,24022,Tonnes,0.399003405
Andhra Pradesh,MAHBUBNAGAR,Arhar/Tur,2003-04,Rabi,2,Hectare,1,Tonnes,0.5
Andhra Pradesh,MEDAK,Arhar/Tur,2001-02,Kharif,19399,Hectare,9971,Tonnes,0.513995567
Andhra Pradesh,MEDAK,Arhar/Tur,2002-03,Kharif,18894,Hectare,6122,Tonnes,0.324018207
Andhra Pradesh,MEDAK,Arhar/Tur,2002-03,Rabi,44,Hectare,14,Tonnes,0.318181818
Andhra Pradesh,MEDAK,Arhar/Tur,2003-04,Kharif,24559,Hectare,12746,Tonnes,0.518995073
Andhra Pradesh,MEDAK,Arhar/Tur,2003-04,Rabi,7,Hectare,4,Tonnes,0.571428571
Andhra Pradesh,NALGONDA,Arhar/Tur,2001-02,Kharif,23250,Hectare,6092,Tonnes,0.262021505
Andhra Pradesh,NALGONDA,Arhar/Tur,2001-02,Rabi,391,Hectare,102,Tonnes,0.260869565
Andhra Pradesh,NALGONDA,Arhar/Tur,2002-03,Kharif,24912,Hectare,5281,Tonnes,0.211986191
Andhra Pradesh,NALGONDA,Arhar/Tur,2002-03,Rabi,713,Hectare,151,Tonnes,0.211781206
Andhra Pradesh,NALGONDA,Arhar/Tur,2003-04,Kharif,37021,Hectare,18844,Tonnes,0.509008401
Andhra Pradesh,NALGONDA,Arhar/Tur,2003-04,Rabi,865,Hectare,440,Tonnes,0.50867052
Andhra Pradesh,NIZAMABAD,Arhar/Tur,2001-02,Kharif,2615,Hectare,565,Tonnes,0.216061185
Andhra Pradesh,NIZAMABAD,Arhar/Tur,2001-02,Rabi,40,Hectare,9,Tonnes,0.225
Andhra Pradesh,NIZAMABAD,Arhar/Tur,2002-03,Kharif,2004,Hectare,749,Tonnes,0.373752495
Andhra Pradesh,NIZAMABAD,Arhar/Tur,2002-03,Rabi,1,Hectare,,Tonnes,0
Andhra Pradesh,NIZAMABAD,Arhar/Tur,2003-04,Kharif,2420,Hectare,813,Tonnes,0.335950413
Andhra Pradesh,NIZAMABAD,Arhar/Tur,2003-04,Rabi,9,Hectare,3,Tonnes,0.333333333
Andhra Pradesh,PRAKASAM,Arhar/Tur,2001-02,Kharif,60581,Hectare,29139,Tonnes,0.48099239
Andhra Pradesh,PRAKASAM,Arhar/Tur,2001-02,Rabi,667,Hectare,321,Tonnes,0.48125937
Andhra Pradesh,PRAKASAM,Arhar/Tur,2002-03,Kharif,54781,Hectare,12271,Tonnes,0.224001022
Andhra Pradesh,PRAKASAM,Arhar/Tur,2002-03,Rabi,650,Hectare,146,Tonnes,0.224615385
Andhra Pradesh,PRAKASAM,Arhar/Tur,2003-04,Kharif,78397,Hectare,27125,Tonnes,0.345995382
Andhra Pradesh,PRAKASAM,Arhar/Tur,2003-04,Rabi,398,Hectare,138,Tonnes,0.346733668
Andhra Pradesh,RANGAREDDI,Arhar/Tur,2001-02,Kharif,33183,Hectare,14567,Tonnes,0.438989844
Andhra Pradesh,RANGAREDDI,Arhar/Tur,2002-03,Kharif,32736,Hectare,19151,Tonnes,0.585013441
Andhra Pradesh,RANGAREDDI,Arhar/Tur,2003-04,Kharif,35790,Hectare,26306,Tonnes,0.735009779
Andhra Pradesh,SPSR NELLORE,Arhar/Tur,2001-02,Kharif,643,Hectare,375,Tonnes,0.583203733
Andhra Pradesh,SPSR NELLORE,Arhar/Tur,2001-02,Rabi,108,Hectare,63,Tonnes,0.583333333
Andhra Pradesh,SPSR NELLORE,Arhar/Tur,2002-03,Kharif,402,Hectare,141,Tonnes,0.350746269
Andhra Pradesh,SPSR NELLORE,Arhar/Tur,2002-03,Rabi,579,Hectare,203,Tonnes,0.350604491
Andhra Pradesh,SPSR NELLORE,Arhar/Tur,2003-04,Kharif,2628,Hectare,1112,Tonnes,0.423135464
Andhra Pradesh,SPSR NELLORE,Arhar/Tur,2003-04,Rabi,586,Hectare,248,Tonnes,0.423208191
Andhra Pradesh,SRIKAKULAM,Arhar/Tur,2001-02,Kharif,1395,Hectare,813,Tonnes,0.582795699
Andhra Pradesh,SRIKAKULAM,Arhar/Tur,2002-03,Kharif,1523,Hectare,533,Tonnes,0.34996717
Andhra Pradesh,SRIKAKULAM,Arhar/Tur,2003-04,Kharif,1573,Hectare,665,Tonnes,0.422759059
Andhra Pradesh,VISAKHAPATANAM,Arhar/Tur,2001-02,Kharif,4847,Hectare,1507,Tonnes,0.310913967
Andhra Pradesh,VISAKHAPATANAM,Arhar/Tur,2001-02,Rabi,47,Hectare,15,Tonnes,0.319148936
Andhra Pradesh,VISAKHAPATANAM,Arhar/Tur,2002-03,Kharif,4701,Hectare,1575,Tonnes,0.335035099
Andhra Pradesh,VISAKHAPATANAM,Arhar/Tur,2003-04,Kharif,4274,Hectare,2188,Tonnes,0.511932616
Andhra Pradesh,VISAKHAPATANAM,Arhar/Tur,2003-04,Rabi,6,Hectare,3,Tonnes,0.5
Andhra Pradesh,VIZIANAGARAM,Arhar/Tur,2001-02,Kharif,1313,Hectare,765,Tonnes,0.582635187
Andhra Pradesh,VIZIANAGARAM,Arhar/Tur,2002-03,Kharif,1587,Hectare,555,Tonnes,0.349716446
Andhra Pradesh,VIZIANAGARAM,Arhar/Tur,2003-04,Kharif,1871,Hectare,791,Tonnes,0.422768573
Andhra Pradesh,WARANGAL,Arhar/Tur,2001-02,Kharif,24587,Hectare,13302,Tonnes,0.541017611
Andhra Pradesh,WARANGAL,Arhar/Tur,2001-02,Rabi,318,Hectare,172,Tonnes,0.540880503
Andhra Pradesh,WARANGAL,Arhar/Tur,2002-03,Kharif,21213,Hectare,9227,Tonnes,0.434969123
Andhra Pradesh,WARANGAL,Arhar/Tur,2002-03,Rabi,1782,Hectare,775,Tonnes,0.434904602
Andhra Pradesh,WARANGAL,Arhar/Tur,2003-04,Kharif,27449,Hectare,11501,Tonnes,0.418995228
Andhra Pradesh,WARANGAL,Arhar/Tur,2003-04,Rabi,1442,Hectare,604,Tonnes,0.418862691
Andhra Pradesh,WEST GODAVARI,Arhar/Tur,2001-02,Kharif,182,Hectare,106,Tonnes,0.582417582
Andhra Pradesh,WEST GODAVARI,Arhar/Tur,2001-02,Rabi,10,Hectare,6,Tonnes,0.6
Andhra Pradesh,WEST GODAVARI,Arhar/Tur,2002-03,Kharif,245,Hectare,86,Tonnes,0.351020408
Andhra Pradesh,WEST GODAVARI,Arhar/Tur,2002-03,Rabi,82,Hectare,29,Tonnes,0.353658537
Andhra Pradesh,WEST GODAVARI,Arhar/Tur,2003-04,Kharif,577,Hectare,244,Tonnes,0.42287695
Andhra Pradesh,WEST GODAVARI,Arhar/Tur,2003-04,Rabi,119,Hectare,50,Tonnes,0.420168067
Andhra Pradesh,ADILABAD,Bajra,2001-02,Rabi,628,Hectare,293,Tonnes,0.46656051
Andhra Pradesh,ADILABAD,Bajra,2002-03,Rabi,960,Hectare,455,Tonnes,0.473958333
Andhra Pradesh,ADILABAD,Bajra,2003-04,Rabi,1820,Hectare,1112,Tonnes,0.610989011
Andhra Pradesh,ANANTAPUR,Bajra,2001-02,Kharif,1595,Hectare,526,Tonnes,0.329780564
Andhra Pradesh,ANANTAPUR,Bajra,2001-02,Rabi,27,Hectare,9,Tonnes,0.333333333
Andhra Pradesh,ANANTAPUR,Bajra,2002-03,Kharif,1925,Hectare,581,Tonnes,0.301818182
Andhra Pradesh,ANANTAPUR,Bajra,2002-03,Rabi,129,Hectare,39,Tonnes,0.302325581
Andhra Pradesh,ANANTAPUR,Bajra,2003-04,Kharif,2280,Hectare,378,Tonnes,0.165789474
Andhra Pradesh,ANANTAPUR,Bajra,2003-04,Rabi,113,Hectare,19,Tonnes,0.168141593
Andhra Pradesh,CHITTOOR,Bajra,2001-02,Kharif,2934,Hectare,3556,Tonnes,1.211997273
Andhra Pradesh,CHITTOOR,Bajra,2001-02,Rabi,258,Hectare,313,Tonnes,1.213178295
Andhra Pradesh,CHITTOOR,Bajra,2002-03,Kharif,2366,Hectare,1171,Tonnes,0.494928149
Andhra Pradesh,CHITTOOR,Bajra,2002-03,Rabi,42,Hectare,21,Tonnes,0.5
Andhra Pradesh,CHITTOOR,Bajra,2003-04,Kharif,2166,Hectare,3611,Tonnes,1.667128347
Andhra Pradesh,CHITTOOR,Bajra,2003-04,Rabi,36,Hectare,60,Tonnes,1.666666667
Andhra Pradesh,EAST GODAVARI,Bajra,2001-02,Kharif,2219,Hectare,2048,Tonnes,0.92293826
Andhra Pradesh,EAST GODAVARI,Bajra,2002-03,Kharif,1196,Hectare,1051,Tonnes,0.878762542
Andhra Pradesh,EAST GODAVARI,Bajra,2003-04,Kharif,2698,Hectare,2301,Tonnes,0.852853966
Andhra Pradesh,GUNTUR,Bajra,2001-02,Kharif,77,Hectare,76,Tonnes,0.987012987
Andhra Pradesh,GUNTUR,Bajra,2001-02,Rabi,43,Hectare,43,Tonnes,1
Andhra Pradesh,GUNTUR,Bajra,2002-03,Kharif,419,Hectare,356,Tonnes,0.849642005
Andhra Pradesh,GUNTUR,Bajra,2002-03,Rabi,6,Hectare,5,Tonnes,0.833333333
Andhra Pradesh,GUNTUR,Bajra,2003-04,Kharif,16082,Hectare,21839,Tonnes,1.357977863
Andhra Pradesh,GUNTUR,Bajra,2003-04,Rabi,197,Hectare,268,Tonnes,1.360406091
Andhra Pradesh,KADAPA,Bajra,2001-02,Kharif,1395,Hectare,2514,Tonnes,1.802150538
Andhra Pradesh,KADAPA,Bajra,2001-02,Rabi,1524,Hectare,2746,Tonnes,1.80183727
Andhra Pradesh,KADAPA,Bajra,2002-03,Kharif,2866,Hectare,2814,Tonnes,0.981856246
Andhra Pradesh,KADAPA,Bajra,2002-03,Rabi,674,Hectare,661,Tonnes,0.980712166
Andhra Pradesh,KADAPA,Bajra,2003-04,Kharif,4332,Hectare,3829,Tonnes,0.88388735
Andhra Pradesh,KADAPA,Bajra,2003-04,Rabi,992,Hectare,877,Tonnes,0.884072581
Andhra Pradesh,KARIMNAGAR,Bajra,2001-02,Rabi,471,Hectare,220,Tonnes,0.467091295
Andhra Pradesh,KARIMNAGAR,Bajra,2002-03,Rabi,330,Hectare,156,Tonnes,0.472727273
Andhra Pradesh,KARIMNAGAR,Bajra,2003-04,Rabi,939,Hectare,574,Tonnes,0.611288605
Andhra Pradesh,KHAMMAM,Bajra,2001-02,Kharif,124,Hectare,58,Tonnes,0.467741935
Andhra Pradesh,KHAMMAM,Bajra,2001-02,Rabi,73,Hectare,34,Tonnes,0.465753425
Andhra Pradesh,KHAMMAM,Bajra,2002-03,Kharif,292,Hectare,138,Tonnes,0.47260274
Andhra Pradesh,KHAMMAM,Bajra,2002-03,Rabi,24,Hectare,11,Tonnes,0.458333333
Andhra Pradesh,KHAMMAM,Bajra,2003-04,Kharif,675,Hectare,412,Tonnes,0.61037037
Andhra Pradesh,KHAMMAM,Bajra,2003-04,Rabi,61,Hectare,37,Tonnes,0.606557377
Andhra Pradesh,KRISHNA,Bajra,2003-04,Kharif,10,Hectare,14,Tonnes,1.4
Andhra Pradesh,KURNOOL,Bajra,2001-02,Kharif,13932,Hectare,11062,Tonnes,0.793999426
Andhra Pradesh,KURNOOL,Bajra,2001-02,Rabi,184,Hectare,146,Tonnes,0.793478261
Andhra Pradesh,KURNOOL,Bajra,2002-03,Kharif,10352,Hectare,6863,Tonnes,0.662963679
Andhra Pradesh,KURNOOL,Bajra,2002-03,Rabi,362,Hectare,240,Tonnes,0.662983425
Andhra Pradesh,KURNOOL,Bajra,2003-04,Kharif,14793,Hectare,17707,Tonnes,1.196985061
Andhra Pradesh,KURNOOL,Bajra,2003-04,Rabi,236,Hectare,282,Tonnes,1.194915254
Andhra Pradesh,MAHBUBNAGAR,Bajra,2001-02,Kharif,17952,Hectare,8617,Tonnes,0.480002228
Andhra Pradesh,MAHBUBNAGAR,Bajra,2001-02,Rabi,29,Hectare,14,Tonnes,0.482758621
Andhra Pradesh,MAHBUBNAGAR,Bajra,2002-03,Kharif,11793,Hectare,6498,Tonnes,0.551004833
Andhra Pradesh,MAHBUBNAGAR,Bajra,2002-03,Rabi,1,Hectare,1,Tonnes,1
Andhra Pradesh,MAHBUBNAGAR,Bajra,2003-04,Kharif,11501,Hectare,6671,Tonnes,0.580036519
Andhra Pradesh,MAHBUBNAGAR,Bajra,2003-04,Rabi,48,Hectare,28,Tonnes,0.583333333
Andhra Pradesh,MEDAK,Bajra,2001-02,Kharif,870,Hectare,406,Tonnes,0.466666667
Andhra Pradesh,MEDAK,Bajra,2002-03,Kharif,588,Hectare,279,Tonnes,0.474489796
Andhra Pradesh,MEDAK,Bajra,2003-04,Kharif,665,Hectare,406,Tonnes,0.610526316
Andhra Pradesh,MEDAK,Bajra,2003-04,Rabi,9,Hectare,5,Tonnes,0.555555556
Andhra Pradesh,NALGONDA,Bajra,2001-02,Kharif,9786,Hectare,4325,Tonnes,0.441957899
Andhra Pradesh,NALGONDA,Bajra,2001-02,Rabi,24,Hectare,11,Tonnes,0.458333333
Andhra Pradesh,NALGONDA,Bajra,2002-03,Kharif,15097,Hectare,6235,Tonnes,0.412995959
Andhra Pradesh,NALGONDA,Bajra,2003-04,Kharif,21433,Hectare,13438,Tonnes,0.626977091
Andhra Pradesh,NALGONDA,Bajra,2003-04,Rabi,5,Hectare,3,Tonnes,0.6
Andhra Pradesh,NIZAMABAD,Bajra,2001-02,Rabi,5605,Hectare,2618,Tonnes,0.467082962
Andhra Pradesh,NIZAMABAD,Bajra,2002-03,Rabi,4503,Hectare,2134,Tonnes,0.473906285
Andhra Pradesh,NIZAMABAD,Bajra,2003-04,Rabi,4778,Hectare,2919,Tonnes,0.610925073
Andhra Pradesh,PRAKASAM,Bajra,2001-02,Kharif,7969,Hectare,9786,Tonnes,1.228008533
Andhra Pradesh,PRAKASAM,Bajra,2001-02,Rabi,717,Hectare,880,Tonnes,1.227336123
Andhra Pradesh,PRAKASAM,Bajra,2002-03,Kharif,10062,Hectare,9378,Tonnes,0.932021467
Andhra Pradesh,PRAKASAM,Bajra,2002-03,Rabi,198,Hectare,185,Tonnes,0.934343434
Andhra Pradesh,PRAKASAM,Bajra,2003-04,Kharif,26565,Hectare,37324,Tonnes,1.405006588
Andhra Pradesh,PRAKASAM,Bajra,2003-04,Rabi,66,Hectare,93,Tonnes,1.409090909
Andhra Pradesh,RANGAREDDI,Bajra,2001-02,Kharif,706,Hectare,330,Tonnes,0.467422096
Andhra Pradesh,RANGAREDDI,Bajra,2001-02,Rabi,34,Hectare,16,Tonnes,0.470588235
Andhra Pradesh,RANGAREDDI,Bajra,2002-03,Kharif,691,Hectare,328,Tonnes,0.474674385
Andhra Pradesh,RANGAREDDI,Bajra,2002-03,Rabi,1,Hectare,,Tonnes,0
Andhra Pradesh,RANGAREDDI,Bajra,2003-04,Kharif,969,Hectare,592,Tonnes,0.610939112
Andhra Pradesh,RANGAREDDI,Bajra,2003-04,Rabi,1,Hectare,1,Tonnes,1
Andhra Pradesh,SPSR NELLORE,Bajra,2001-02,Kharif,917,Hectare,1357,Tonnes,1.479825518
Andhra Pradesh,SPSR NELLORE,Bajra,2001-02,Rabi,67,Hectare,99,Tonnes,1.47761194
Andhra Pradesh,SPSR NELLORE,Bajra,2002-03,Kharif,1326,Hectare,1671,Tonnes,1.260180995
Andhra Pradesh,SPSR NELLORE,Bajra,2002-03,Rabi,36,Hectare,45,Tonnes,1.25
Andhra Pradesh,SPSR NELLORE,Bajra,2003-04,Kharif,1216,Hectare,1982,Tonnes,1.629934211
Andhra Pradesh,SPSR NELLORE,Bajra,2003-04,Rabi,12,Hectare,20,Tonnes,1.666666667
Andhra Pradesh,SRIKAKULAM,Bajra,2001-02,Kharif,2910,Hectare,2927,Tonnes,1.005841924
Andhra Pradesh,SRIKAKULAM,Bajra,2002-03,Kharif,3476,Hectare,4508,Tonnes,1.29689298
Andhra Pradesh,SRIKAKULAM,Bajra,2003-04,Kharif,3654,Hectare,8634,Tonnes,2.362889984
Andhra Pradesh,VISAKHAPATANAM,Bajra,2001-02,Kharif,15686,Hectare,13019,Tonnes,0.829975775
Andhra Pradesh,VISAKHAPATANAM,Bajra,2002-03,Kharif,14123,Hectare,8897,Tonnes,0.629965305
Andhra Pradesh,VISAKHAPATANAM,Bajra,2002-03,Rabi,2,Hectare,,Tonnes,0
Andhra Pradesh,VISAKHAPATANAM,Bajra,2003-04,Kharif,17771,Hectare,20312,Tonnes,1.142985763
Andhra Pradesh,VIZIANAGARAM,Bajra,2001-02,Kharif,2724,Hectare,2956,Tonnes,1.085168869
Andhra Pradesh,VIZIANAGARAM,Bajra,2002-03,Kharif,3090,Hectare,2735,Tonnes,0.885113269
Andhra Pradesh,VIZIANAGARAM,Bajra,2003-04,Kharif,1565,Hectare,2038,Tonnes,1.302236422
Andhra Pradesh,WARANGAL,Bajra,2001-02,Kharif,55,Hectare,26,Tonnes,0.472727273
Andhra Pradesh,WARANGAL,Bajra,2002-03,Kharif,49,Hectare,23,Tonnes,0.469387755
Andhra Pradesh,WARANGAL,Bajra,2003-04,Kharif,62,Hectare,38,Tonnes,0.612903226
Andhra Pradesh,WARANGAL,Bajra,2003-04,Rabi,290,Hectare,177,Tonnes,0.610344828
Andhra Pradesh,WEST GODAVARI,Bajra,2003-04,Kharif,75,Hectare,102,Tonnes,1.36
Andhra Pradesh,ADILABAD,Banana,2001-02,Whole Year,225,Hectare,5063,Tonnes,22.50222222
Andhra Pradesh,ADILABAD,Banana,2002-03,Whole Year,13,Hectare,317,Tonnes,24.38461538
Andhra Pradesh,ADILABAD,Banana,2003-04,Whole Year,110,Hectare,1540,Tonnes,14
Andhra Pradesh,ANANTAPUR,Banana,2001-02,Whole Year,1582,Hectare,462,Tonnes,0.292035398
Andhra Pradesh,ANANTAPUR,Banana,2002-03,Whole Year,19,Hectare,1006,Tonnes,52.94736842
Andhra Pradesh,ANANTAPUR,Banana,2003-04,Whole Year,36,Hectare,1302,Tonnes,36.16666667
Andhra Pradesh,CHITTOOR,Banana,2001-02,Whole Year,1005,Hectare,7156,Tonnes,7.12039801
Andhra Pradesh,CHITTOOR,Banana,2002-03,Whole Year,960,Hectare,50841,Tonnes,52.959375
Andhra Pradesh,CHITTOOR,Banana,2003-04,Whole Year,587,Hectare,21222,Tonnes,36.15332198
Andhra Pradesh,EAST GODAVARI,Banana,2001-02,Whole Year,10258,Hectare,122822,Tonnes,11.97328914
Andhra Pradesh,EAST GODAVARI,Banana,2002-03,Whole Year,7949,Hectare,116270,Tonnes,14.62699711
Andhra Pradesh,EAST GODAVARI,Banana,2003-04,Whole Year,9547,Hectare,67488,Tonnes,7.069026919
Andhra Pradesh,GUNTUR,Banana,2001-02,Whole Year,7967,Hectare,204939,Tonnes,25.72348437
Andhra Pradesh,GUNTUR,Banana,2002-03,Whole Year,6720,Hectare,151697,Tonnes,22.57395833
Andhra Pradesh,GUNTUR,Banana,2003-04,Whole Year,5681,Hectare,42238,Tonnes,7.434958634
Andhra Pradesh,KADAPA,Banana,2001-02,Whole Year,4074,Hectare,132748,Tonnes,32.58419244
Andhra Pradesh,KADAPA,Banana,2002-03,Whole Year,4574,Hectare,299574,Tonnes,65.49497158
Andhra Pradesh,KADAPA,Banana,2003-04,Whole Year,3771,Hectare,158827,Tonnes,42.11800583
Andhra Pradesh,KARIMNAGAR,Banana,2001-02,Whole Year,1,Hectare,,Tonnes,0
Andhra Pradesh,KARIMNAGAR,Banana,2002-03,Whole Year,9,Hectare,220,Tonnes,24.44444444
Andhra Pradesh,KHAMMAM,Banana,2001-02,Whole Year,673,Hectare,13682,Tonnes,20.32986627
Andhra Pradesh,KHAMMAM,Banana,2002-03,Whole Year,735,Hectare,17937,Tonnes,24.40408163
Andhra Pradesh,KHAMMAM,Banana,2003-04,Whole Year,859,Hectare,12028,Tonnes,14.00232829
Andhra Pradesh,KRISHNA,Banana,2001-02,Whole Year,1556,Hectare,3946,Tonnes,2.535989717
Andhra Pradesh,KRISHNA,Banana,2002-03,Whole Year,1346,Hectare,20586,Tonnes,15.29420505
Andhra Pradesh,KRISHNA,Banana,2003-04,Whole Year,1249,Hectare,15574,Tonnes,12.46917534
Andhra Pradesh,KURNOOL,Banana,2001-02,Whole Year,2704,Hectare,29845,Tonnes,11.03735207
Andhra Pradesh,KURNOOL,Banana,2002-03,Whole Year,1862,Hectare,49164,Tonnes,26.40386681
Andhra Pradesh,KURNOOL,Banana,2003-04,Whole Year,2960,Hectare,23820,Tonnes,8.047297297
Andhra Pradesh,MAHBUBNAGAR,Banana,2001-02,Whole Year,12,Hectare,,Tonnes,0
Andhra Pradesh,MEDAK,Banana,2001-02,Whole Year,527,Hectare,2160,Tonnes,4.098671727
Andhra Pradesh,MEDAK,Banana,2002-03,Whole Year,297,Hectare,7248,Tonnes,24.4040404
Andhra Pradesh,MEDAK,Banana,2003-04,Whole Year,121,Hectare,1694,Tonnes,14
Andhra Pradesh,NALGONDA,Banana,2001-02,Whole Year,9,Hectare,,Tonnes,0
Andhra Pradesh,NALGONDA,Banana,2002-03,Whole Year,3,Hectare,73,Tonnes,24.33333333
Andhra Pradesh,NIZAMABAD,Banana,2001-02,Whole Year,398,Hectare,2070,Tonnes,5.201005025
Andhra Pradesh,NIZAMABAD,Banana,2002-03,Whole Year,405,Hectare,9884,Tonnes,24.40493827
Andhra Pradesh,NIZAMABAD,Banana,2003-04,Whole Year,360,Hectare,5041,Tonnes,14.00277778
Andhra Pradesh,PRAKASAM,Banana,2001-02,Whole Year,511,Hectare,8370,Tonnes,16.37964775
Andhra Pradesh,PRAKASAM,Banana,2002-03,Whole Year,538,Hectare,10429,Tonnes,19.38475836
Andhra Pradesh,PRAKASAM,Banana,2003-04,Whole Year,82,Hectare,794,Tonnes,9.682926829
Andhra Pradesh,RANGAREDDI,Banana,2001-02,Whole Year,249,Hectare,3533,Tonnes,14.18875502
Andhra Pradesh,RANGAREDDI,Banana,2002-03,Whole Year,204,Hectare,4978,Tonnes,24.40196078
Andhra Pradesh,RANGAREDDI,Banana,2003-04,Whole Year,86,Hectare,1204,Tonnes,14
Andhra Pradesh,SPSR NELLORE,Banana,2001-02,Whole Year,479,Hectare,8030,Tonnes,16.76409186
Andhra Pradesh,SPSR NELLORE,Banana,2002-03,Whole Year,521,Hectare,10099,Tonnes,19.38387716
Andhra Pradesh,SPSR NELLORE,Banana,2003-04,Whole Year,485,Hectare,4699,Tonnes,9.688659794
Andhra Pradesh,SRIKAKULAM,Banana,2001-02,Whole Year,1132,Hectare,14223,Tonnes,12.56448763
Andhra Pradesh,SRIKAKULAM,Banana,2002-03,Whole Year,765,Hectare,14829,Tonnes,19.38431373
Andhra Pradesh,SRIKAKULAM,Banana,2003-04,Whole Year,535,Hectare,3003,Tonnes,5.613084112
Andhra Pradesh,VISAKHAPATANAM,Banana,2001-02,Whole Year,2431,Hectare,18798,Tonnes,7.732620321
Andhra Pradesh,VISAKHAPATANAM,Banana,2002-03,Whole Year,1594,Hectare,27219,Tonnes,17.07590966
Andhra Pradesh,VISAKHAPATANAM,Banana,2003-04,Whole Year,1452,Hectare,17908,Tonnes,12.33333333
Andhra Pradesh,VIZIANAGARAM,Banana,2001-02,Whole Year,6173,Hectare,77495,Tonnes,12.5538636
Andhra Pradesh,VIZIANAGARAM,Banana,2002-03,Whole Year,4684,Hectare,97277,Tonnes,20.76793339
Andhra Pradesh,VIZIANAGARAM,Banana,2003-04,Whole Year,4645,Hectare,106645,Tonnes,22.9590958
Andhra Pradesh,WARANGAL,Banana,2001-02,Whole Year,277,Hectare,6233,Tonnes,22.50180505
Andhra Pradesh,WARANGAL,Banana,2002-03,Whole Year,609,Hectare,14862,Tonnes,24.40394089
Andhra Pradesh,WARANGAL,Banana,2003-04,Whole Year,436,Hectare,6105,Tonnes,14.00229358
Andhra Pradesh,WEST GODAVARI,Banana,2001-02,Whole Year,8264,Hectare,99790,Tonnes,12.07526621
Andhra Pradesh,WEST GODAVARI,Banana,2002-03,Whole Year,5547,Hectare,123149,Tonnes,22.20100955
Andhra Pradesh,WEST GODAVARI,Banana,2003-04,Whole Year,5712,Hectare,24247,Tonnes,4.244922969
Andhra Pradesh,ADILABAD,Cashewnut,2001-02,Whole Year,24,Hectare,2,Tonnes,0.083333333
Andhra Pradesh,ADILABAD,Cashewnut,2002-03,Whole Year,86,Hectare,19,Tonnes,0.220930233
Andhra Pradesh,ADILABAD,Cashewnut,2003-04,Whole Year,24,Hectare,4,Tonnes,0.166666667
Andhra Pradesh,CHITTOOR,Cashewnut,2001-02,Whole Year,126,Hectare,34,Tonnes,0.26984127
Andhra Pradesh,CHITTOOR,Cashewnut,2002-03,Whole Year,121,Hectare,15,Tonnes,0.123966942
Andhra Pradesh,CHITTOOR,Cashewnut,2003-04,Whole Year,124,Hectare,33,Tonnes,0.266129032
Andhra Pradesh,EAST GODAVARI,Cashewnut,2001-02,Whole Year,34634,Hectare,5151,Tonnes,0.148726685
Andhra Pradesh,EAST GODAVARI,Cashewnut,2002-03,Whole Year,34227,Hectare,975,Tonnes,0.028486283
Andhra Pradesh,EAST GODAVARI,Cashewnut,2003-04,Whole Year,34019,Hectare,3304,Tonnes,0.097122196
Andhra Pradesh,GUNTUR,Cashewnut,2001-02,Whole Year,150,Hectare,41,Tonnes,0.273333333
Andhra Pradesh,GUNTUR,Cashewnut,2002-03,Whole Year,150,Hectare,19,Tonnes,0.126666667
Andhra Pradesh,GUNTUR,Cashewnut,2003-04,Whole Year,150,Hectare,40,Tonnes,0.266666667
Andhra Pradesh,KADAPA,Cashewnut,2001-02,Whole Year,7,Hectare,2,Tonnes,0.285714286
Andhra Pradesh,KADAPA,Cashewnut,2002-03,Whole Year,7,Hectare,1,Tonnes,0.142857143
Andhra Pradesh,KADAPA,Cashewnut,2003-04,Whole Year,7,Hectare,2,Tonnes,0.285714286
Andhra Pradesh,KHAMMAM,Cashewnut,2001-02,Whole Year,10314,Hectare,1082,Tonnes,0.104905953
Andhra Pradesh,KHAMMAM,Cashewnut,2002-03,Whole Year,10618,Hectare,2334,Tonnes,0.219815408
Andhra Pradesh,KHAMMAM,Cashewnut,2003-04,Whole Year,10477,Hectare,1836,Tonnes,0.175241004
Andhra Pradesh,KRISHNA,Cashewnut,2001-02,Whole Year,803,Hectare,220,Tonnes,0.273972603
Andhra Pradesh,KRISHNA,Cashewnut,2002-03,Whole Year,478,Hectare,59,Tonnes,0.123430962
Andhra Pradesh,KRISHNA,Cashewnut,2003-04,Whole Year,355,Hectare,95,Tonnes,0.267605634
Andhra Pradesh,MAHBUBNAGAR,Cashewnut,2001-02,Whole Year,18,Hectare,2,Tonnes,0.111111111
Andhra Pradesh,MAHBUBNAGAR,Cashewnut,2002-03,Whole Year,10,Hectare,2,Tonnes,0.2
Andhra Pradesh,MAHBUBNAGAR,Cashewnut,2003-04,Whole Year,3,Hectare,0,Tonnes,0
Andhra Pradesh,MEDAK,Cashewnut,2001-02,Whole Year,18,Hectare,2,Tonnes,0.111111111
Andhra Pradesh,MEDAK,Cashewnut,2002-03,Whole Year,15,Hectare,3,Tonnes,0.2
Andhra Pradesh,MEDAK,Cashewnut,2003-04,Whole Year,19,Hectare,3,Tonnes,0.157894737
Andhra Pradesh,PRAKASAM,Cashewnut,2001-02,Whole Year,702,Hectare,193,Tonnes,0.274928775
Andhra Pradesh,PRAKASAM,Cashewnut,2002-03,Whole Year,687,Hectare,85,Tonnes,0.123726346
Andhra Pradesh,PRAKASAM,Cashewnut,2003-04,Whole Year,698,Hectare,187,Tonnes,0.267908309
Andhra Pradesh,RANGAREDDI,Cashewnut,2002-03,Whole Year,3,Hectare,1,Tonnes,0.333333333
Andhra Pradesh,RANGAREDDI,Cashewnut,2003-04,Whole Year,3,Hectare,0,Tonnes,0
Andhra Pradesh,SPSR NELLORE,Cashewnut,2001-02,Whole Year,665,Hectare,183,Tonnes,0.27518797
Andhra Pradesh,SPSR NELLORE,Cashewnut,2002-03,Whole Year,778,Hectare,97,Tonnes,0.124678663
Andhra Pradesh,SPSR NELLORE,Cashewnut,2003-04,Whole Year,806,Hectare,216,Tonnes,0.267990074
Andhra Pradesh,SRIKAKULAM,Cashewnut,2001-02,Whole Year,18901,Hectare,7965,Tonnes,0.421406275
Andhra Pradesh,SRIKAKULAM,Cashewnut,2002-03,Whole Year,19080,Hectare,8414,Tonnes,0.440985325
Andhra Pradesh,SRIKAKULAM,Cashewnut,2003-04,Whole Year,19494,Hectare,7427,Tonnes,0.380989022
Andhra Pradesh,VISAKHAPATANAM,Cashewnut,2001-02,Whole Year,29675,Hectare,14486,Tonnes,0.488155013
Andhra Pradesh,VISAKHAPATANAM,Cashewnut,2002-03,Whole Year,31179,Hectare,3802,Tonnes,0.12194105
Andhra Pradesh,VISAKHAPATANAM,Cashewnut,2003-04,Whole Year,31045,Hectare,16996,Tonnes,0.54746336
Andhra Pradesh,VIZIANAGARAM,Cashewnut,2001-02,Whole Year,9138,Hectare,2512,Tonnes,0.274896039
Andhra Pradesh,VIZIANAGARAM,Cashewnut,2002-03,Whole Year,10741,Hectare,1335,Tonnes,0.124290103
Andhra Pradesh,VIZIANAGARAM,Cashewnut,2003-04,Whole Year,11179,Hectare,2996,Tonnes,0.268002505
Andhra Pradesh,WEST GODAVARI,Cashewnut,2001-02,Whole Year,42195,Hectare,6854,Tonnes,0.162436308
Andhra Pradesh,WEST GODAVARI,Cashewnut,2002-03,Whole Year,42464,Hectare,2482,Tonnes,0.05844951
Andhra Pradesh,WEST GODAVARI,Cashewnut,2003-04,Whole Year,41674,Hectare,6068,Tonnes,0.145606373
Andhra Pradesh,ADILABAD,Castor seed,2001-02,Kharif,1419,Hectare,417,Tonnes,0.293868922
Andhra Pradesh,ADILABAD,Castor seed,2002-03,Kharif,1343,Hectare,526,Tonnes,0.391660462
Andhra Pradesh,ADILABAD,Castor seed,2003-04,Kharif,1402,Hectare,642,Tonnes,0.457917261
Andhra Pradesh,ANANTAPUR,Castor seed,2001-02,Kharif,3191,Hectare,900,Tonnes,0.282043247
Andhra Pradesh,ANANTAPUR,Castor seed,2002-03,Kharif,2050,Hectare,416,Tonnes,0.202926829
Andhra Pradesh,ANANTAPUR,Castor seed,2003-04,Kharif,1927,Hectare,805,Tonnes,0.417747794
Andhra Pradesh,CHITTOOR,Castor seed,2001-02,Kharif,313,Hectare,88,Tonnes,0.28115016
Andhra Pradesh,CHITTOOR,Castor seed,2002-03,Kharif,234,Hectare,48,Tonnes,0.205128205
Andhra Pradesh,CHITTOOR,Castor seed,2003-04,Kharif,372,Hectare,155,Tonnes,0.416666667
Andhra Pradesh,EAST GODAVARI,Castor seed,2001-02,Kharif,9,Hectare,1,Tonnes,0.111111111
Andhra Pradesh,EAST GODAVARI,Castor seed,2002-03,Kharif,13,Hectare,3,Tonnes,0.230769231
Andhra Pradesh,GUNTUR,Castor seed,2001-02,Kharif,3400,Hectare,1469,Tonnes,0.432058824
Andhra Pradesh,GUNTUR,Castor seed,2002-03,Kharif,2684,Hectare,827,Tonnes,0.308122206
Andhra Pradesh,GUNTUR,Castor seed,2003-04,Kharif,4263,Hectare,3338,Tonnes,0.783016655
Andhra Pradesh,KADAPA,Castor seed,2001-02,Kharif,3474,Hectare,978,Tonnes,0.281519862
Andhra Pradesh,KADAPA,Castor seed,2002-03,Kharif,1013,Hectare,206,Tonnes,0.203356367
Andhra Pradesh,KADAPA,Castor seed,2003-04,Kharif,3387,Hectare,1416,Tonnes,0.418069088
Andhra Pradesh,KARIMNAGAR,Castor seed,2001-02,Kharif,190,Hectare,56,Tonnes,0.294736842
Andhra Pradesh,KARIMNAGAR,Castor seed,2002-03,Kharif,737,Hectare,289,Tonnes,0.392130258
Andhra Pradesh,KARIMNAGAR,Castor seed,2003-04,Kharif,4436,Hectare,2032,Tonnes,0.458070334
Andhra Pradesh,KHAMMAM,Castor seed,2001-02,Kharif,5,Hectare,1,Tonnes,0.2
Andhra Pradesh,KHAMMAM,Castor seed,2002-03,Kharif,11,Hectare,4,Tonnes,0.363636364
Andhra Pradesh,KHAMMAM,Castor seed,2003-04,Kharif,52,Hectare,24,Tonnes,0.461538462
Andhra Pradesh,KRISHNA,Castor seed,2002-03,Kharif,17,Hectare,4,Tonnes,0.235294118
Andhra Pradesh,KRISHNA,Castor seed,2003-04,Kharif,18,Hectare,8,Tonnes,0.444444444
Andhra Pradesh,KURNOOL,Castor seed,2001-02,Kharif,7013,Hectare,1977,Tonnes,0.281905034
Andhra Pradesh,KURNOOL,Castor seed,2002-03,Kharif,4756,Hectare,966,Tonnes,0.203111859
Andhra Pradesh,KURNOOL,Castor seed,2003-04,Kharif,11557,Hectare,4831,Tonnes,0.418015056
Andhra Pradesh,MAHBUBNAGAR,Castor seed,2001-02,Kharif,165340,Hectare,48775,Tonnes,0.294998186
Andhra Pradesh,MAHBUBNAGAR,Castor seed,2002-03,Kharif,130954,Hectare,61680,Tonnes,0.471005086
Andhra Pradesh,MAHBUBNAGAR,Castor seed,2003-04,Kharif,146945,Hectare,69652,Tonnes,0.474000476
Andhra Pradesh,MEDAK,Castor seed,2001-02,Kharif,1603,Hectare,471,Tonnes,0.29382408
Andhra Pradesh,MEDAK,Castor seed,2002-03,Kharif,2234,Hectare,876,Tonnes,0.392121755
Andhra Pradesh,MEDAK,Castor seed,2003-04,Kharif,6550,Hectare,3000,Tonnes,0.458015267
Andhra Pradesh,NALGONDA,Castor seed,2001-02,Kharif,64705,Hectare,17988,Tonnes,0.278000155
Andhra Pradesh,NALGONDA,Castor seed,2002-03,Kharif,60603,Hectare,12484,Tonnes,0.205996403
Andhra Pradesh,NALGONDA,Castor seed,2003-04,Kharif,77153,Hectare,30321,Tonnes,0.392998328
Andhra Pradesh,NIZAMABAD,Castor seed,2001-02,Kharif,153,Hectare,45,Tonnes,0.294117647
Andhra Pradesh,NIZAMABAD,Castor seed,2002-03,Kharif,127,Hectare,50,Tonnes,0.393700787
Andhra Pradesh,NIZAMABAD,Castor seed,2003-04,Kharif,305,Hectare,140,Tonnes,0.459016393
Andhra Pradesh,PRAKASAM,Castor seed,2001-02,Kharif,16484,Hectare,4088,Tonnes,0.247998059
Andhra Pradesh,PRAKASAM,Castor seed,2002-03,Kharif,11040,Hectare,1910,Tonnes,0.173007246
Andhra Pradesh,PRAKASAM,Castor seed,2003-04,Kharif,13736,Hectare,4107,Tonnes,0.298995341
Andhra Pradesh,RANGAREDDI,Castor seed,2001-02,Kharif,12525,Hectare,3405,Tonnes,0.271856287
Andhra Pradesh,RANGAREDDI,Castor seed,2002-03,Kharif,10772,Hectare,5052,Tonnes,0.468993687
Andhra Pradesh,RANGAREDDI,Castor seed,2003-04,Kharif,12228,Hectare,6505,Tonnes,0.531975793
Andhra Pradesh,SPSR NELLORE,Castor seed,2001-02,Kharif,17,Hectare,5,Tonnes,0.294117647
Andhra Pradesh,SPSR NELLORE,Castor seed,2002-03,Kharif,11,Hectare,2,Tonnes,0.181818182
Andhra Pradesh,SPSR NELLORE,Castor seed,2003-04,Kharif,1,Hectare,,Tonnes,0
Andhra Pradesh,VISAKHAPATANAM,Castor seed,2001-02,Kharif,6,Hectare,2,Tonnes,0.333333333
Andhra Pradesh,VISAKHAPATANAM,Castor seed,2002-03,Kharif,6,Hectare,1,Tonnes,0.166666667
Andhra Pradesh,VISAKHAPATANAM,Castor seed,2003-04,Kharif,4,Hectare,2,Tonnes,0.5
Andhra Pradesh,VIZIANAGARAM,Castor seed,2003-04,Kharif,8,Hectare,3,Tonnes,0.375
Andhra Pradesh,WARANGAL,Castor seed,2001-02,Kharif,3724,Hectare,2313,Tonnes,0.621106337
Andhra Pradesh,WARANGAL,Castor seed,2002-03,Kharif,3297,Hectare,1474,Tonnes,0.447073097
Andhra Pradesh,WARANGAL,Castor seed,2003-04,Kharif,6571,Hectare,4889,Tonnes,0.744026784
Andhra Pradesh,WEST GODAVARI,Castor seed,2001-02,Kharif,14,Hectare,4,Tonnes,0.285714286
Andhra Pradesh,ANANTAPUR,Coconut,2001-02,Whole Year,851,Hectare,3053700,Nuts,3588.366627
Andhra Pradesh,ANANTAPUR,Coconut,2002-03,Whole Year,869,Hectare,3691149,Nuts,4247.582278
Andhra Pradesh,ANANTAPUR,Coconut,2003-04,Whole Year,839,Hectare,3285828,Nuts,3916.362336
Andhra Pradesh,CHITTOOR,Coconut,2001-02,Whole Year,4133,Hectare,14827800,Nuts,3587.660295
Andhra Pradesh,CHITTOOR,Coconut,2002-03,Whole Year,4296,Hectare,17209269,Nuts,4005.881983
Andhra Pradesh,CHITTOOR,Coconut,2003-04,Whole Year,4294,Hectare,16827552,Nuts,3918.852352
Andhra Pradesh,EAST GODAVARI,Coconut,2001-02,Whole Year,48515,Hectare,629772990,Nuts,12980.99536
Andhra Pradesh,EAST GODAVARI,Coconut,2002-03,Whole Year,49479,Hectare,685943720,Nuts,13863.3303
Andhra Pradesh,EAST GODAVARI,Coconut,2003-04,Whole Year,48854,Hectare,683171460,Nuts,13983.94113
Andhra Pradesh,GUNTUR,Coconut,2001-02,Whole Year,491,Hectare,5426352,Nuts,11051.6334
Andhra Pradesh,GUNTUR,Coconut,2002-03,Whole Year,399,Hectare,4488408,Nuts,11249.14286
Andhra Pradesh,GUNTUR,Coconut,2003-04,Whole Year,380,Hectare,4497480,Nuts,11835.47368
Andhra Pradesh,KADAPA,Coconut,2001-02,Whole Year,148,Hectare,530400,Nuts,3583.783784
Andhra Pradesh,KADAPA,Coconut,2002-03,Whole Year,155,Hectare,658350,Nuts,4247.419355
Andhra Pradesh,KADAPA,Coconut,2003-04,Whole Year,104,Hectare,406980,Nuts,3913.269231
Andhra Pradesh,KHAMMAM,Coconut,2001-02,Whole Year,1106,Hectare,11703240,Nuts,10581.59132
Andhra Pradesh,KHAMMAM,Coconut,2002-03,Whole Year,1083,Hectare,11850836,Nuts,10942.60018
Andhra Pradesh,KHAMMAM,Coconut,2003-04,Whole Year,1050,Hectare,11933140,Nuts,11364.89524
Andhra Pradesh,KRISHNA,Coconut,2001-02,Whole Year,1789,Hectare,19782864,Nuts,11058.05702
Andhra Pradesh,KRISHNA,Coconut,2002-03,Whole Year,1889,Hectare,21255984,Nuts,11252.50609
Andhra Pradesh,KRISHNA,Coconut,2003-04,Whole Year,1726,Hectare,20407920,Nuts,11823.82387
Andhra Pradesh,KURNOOL,Coconut,2001-02,Whole Year,110,Hectare,374400,Nuts,3403.636364
Andhra Pradesh,KURNOOL,Coconut,2002-03,Whole Year,100,Hectare,425733,Nuts,4257.33
Andhra Pradesh,KURNOOL,Coconut,2003-04,Whole Year,86,Hectare,342720,Nuts,3985.116279
Andhra Pradesh,MAHBUBNAGAR,Coconut,2001-02,Whole Year,10,Hectare,110200,Nuts,11020
Andhra Pradesh,MAHBUBNAGAR,Coconut,2002-03,Whole Year,11,Hectare,125708,Nuts,11428
Andhra Pradesh,MAHBUBNAGAR,Coconut,2003-04,Whole Year,12,Hectare,141360,Nuts,11780
Andhra Pradesh,MEDAK,Coconut,2001-02,Whole Year,2,Hectare,22040,Nuts,11020
Andhra Pradesh,MEDAK,Coconut,2002-03,Whole Year,1,Hectare,11428,Nuts,11428
Andhra Pradesh,NALGONDA,Coconut,2001-02,Whole Year,18,Hectare,187340,Nuts,10407.77778
Andhra Pradesh,NALGONDA,Coconut,2002-03,Whole Year,21,Hectare,228560,Nuts,10883.80952
Andhra Pradesh,NALGONDA,Coconut,2003-04,Whole Year,30,Hectare,341620,Nuts,11387.33333
Andhra Pradesh,PRAKASAM,Coconut,2001-02,Whole Year,202,Hectare,2195568,Nuts,10869.14851
Andhra Pradesh,PRAKASAM,Coconut,2002-03,Whole Year,202,Hectare,2267460,Nuts,11225.0495
Andhra Pradesh,PRAKASAM,Coconut,2003-04,Whole Year,200,Hectare,2369640,Nuts,11848.2
Andhra Pradesh,RANGAREDDI,Coconut,2001-02,Whole Year,13,Hectare,143260,Nuts,11020
Andhra Pradesh,RANGAREDDI,Coconut,2002-03,Whole Year,13,Hectare,148564,Nuts,11428
Andhra Pradesh,RANGAREDDI,Coconut,2003-04,Whole Year,11,Hectare,129580,Nuts,11780
Andhra Pradesh,SPSR NELLORE,Coconut,2001-02,Whole Year,590,Hectare,6518448,Nuts,11048.21695
Andhra Pradesh,SPSR NELLORE,Coconut,2002-03,Whole Year,599,Hectare,6744240,Nuts,11259.16528
Andhra Pradesh,SPSR NELLORE,Coconut,2003-04,Whole Year,487,Hectare,5754840,Nuts,11816.91992
Andhra Pradesh,SRIKAKULAM,Coconut,2001-02,Whole Year,13645,Hectare,131830848,Nuts,9661.476585
Andhra Pradesh,SRIKAKULAM,Coconut,2002-03,Whole Year,13682,Hectare,112823694,Nuts,8246.140477
Andhra Pradesh,SRIKAKULAM,Coconut,2003-04,Whole Year,13709,Hectare,136160080,Nuts,9932.167189
Andhra Pradesh,VISAKHAPATANAM,Coconut,2001-02,Whole Year,7232,Hectare,56150010,Nuts,7764.105365
Andhra Pradesh,VISAKHAPATANAM,Coconut,2002-03,Whole Year,7230,Hectare,30987756,Nuts,4285.99668
Andhra Pradesh,VISAKHAPATANAM,Coconut,2003-04,Whole Year,7045,Hectare,45965248,Nuts,6524.520653
Andhra Pradesh,VIZIANAGARAM,Coconut,2001-02,Whole Year,3102,Hectare,34298640,Nuts,11056.94391
Andhra Pradesh,VIZIANAGARAM,Coconut,2002-03,Whole Year,3169,Hectare,35663076,Nuts,11253.73178
Andhra Pradesh,VIZIANAGARAM,Coconut,2003-04,Whole Year,3153,Hectare,37285560,Nuts,11825.42341
Andhra Pradesh,WEST GODAVARI,Coconut,2001-02,Whole Year,22287,Hectare,208041750,Nuts,9334.668192
Andhra Pradesh,WEST GODAVARI,Coconut,2002-03,Whole Year,22093,Hectare,224101800,Nuts,10143.56584
Andhra Pradesh,WEST GODAVARI,Coconut,2003-04,Whole Year,21985,Hectare,226058352,Nuts,10282.39036
Andhra Pradesh,ADILABAD,Coriander,2001-02,Whole Year,2076,Hectare,1021,Tonnes,0.491811175
Andhra Pradesh,ADILABAD,Coriander,2002-03,Whole Year,1197,Hectare,500,Tonnes,0.417710944
Andhra Pradesh,ADILABAD,Coriander,2003-04,Whole Year,1990,Hectare,545,Tonnes,0.273869347
Andhra Pradesh,ANANTAPUR,Coriander,2001-02,Whole Year,4741,Hectare,1119,Tonnes,0.236026155
Andhra Pradesh,ANANTAPUR,Coriander,2002-03,Whole Year,3914,Hectare,481,Tonnes,0.122892182
Andhra Pradesh,ANANTAPUR,Coriander,2003-04,Whole Year,5646,Hectare,610,Tonnes,0.108041091
Andhra Pradesh,CHITTOOR,Coriander,2001-02,Whole Year,51,Hectare,18,Tonnes,0.352941176
Andhra Pradesh,CHITTOOR,Coriander,2002-03,Whole Year,86,Hectare,24,Tonnes,0.279069767
Andhra Pradesh,CHITTOOR,Coriander,2003-04,Whole Year,119,Hectare,31,Tonnes,0.260504202
Andhra Pradesh,EAST GODAVARI,Coriander,2001-02,Whole Year,32,Hectare,25,Tonnes,0.78125
Andhra Pradesh,EAST GODAVARI,Coriander,2002-03,Whole Year,30,Hectare,17,Tonnes,0.566666667
Andhra Pradesh,EAST GODAVARI,Coriander,2003-04,Whole Year,51,Hectare,39,Tonnes,0.764705882
Andhra Pradesh,GUNTUR,Coriander,2001-02,Whole Year,115,Hectare,89,Tonnes,0.773913043
Andhra Pradesh,GUNTUR,Coriander,2002-03,Whole Year,64,Hectare,35,Tonnes,0.546875
Andhra Pradesh,GUNTUR,Coriander,2003-04,Whole Year,195,Hectare,148,Tonnes,0.758974359
Andhra Pradesh,KADAPA,Coriander,2001-02,Whole Year,16141,Hectare,4567,Tonnes,0.282944056
Andhra Pradesh,KADAPA,Coriander,2002-03,Whole Year,11945,Hectare,2377,Tonnes,0.198995396
Andhra Pradesh,KADAPA,Coriander,2003-04,Whole Year,10370,Hectare,2634,Tonnes,0.254001929
Andhra Pradesh,KARIMNAGAR,Coriander,2001-02,Whole Year,47,Hectare,23,Tonnes,0.489361702
Andhra Pradesh,KARIMNAGAR,Coriander,2002-03,Whole Year,41,Hectare,17,Tonnes,0.414634146
Andhra Pradesh,KARIMNAGAR,Coriander,2003-04,Whole Year,119,Hectare,33,Tonnes,0.277310924
Andhra Pradesh,KRISHNA,Coriander,2001-02,Whole Year,25,Hectare,19,Tonnes,0.76
Andhra Pradesh,KRISHNA,Coriander,2002-03,Whole Year,14,Hectare,8,Tonnes,0.571428571
Andhra Pradesh,KRISHNA,Coriander,2003-04,Whole Year,11,Hectare,8,Tonnes,0.727272727
Andhra Pradesh,KURNOOL,Coriander,2001-02,Whole Year,25112,Hectare,10271,Tonnes,0.409007646
Andhra Pradesh,KURNOOL,Coriander,2002-03,Whole Year,17839,Hectare,5584,Tonnes,0.31302203
Andhra Pradesh,KURNOOL,Coriander,2003-04,Whole Year,15401,Hectare,4913,Tonnes,0.319005259
Andhra Pradesh,MAHBUBNAGAR,Coriander,2001-02,Whole Year,606,Hectare,298,Tonnes,0.491749175
Andhra Pradesh,MAHBUBNAGAR,Coriander,2002-03,Whole Year,549,Hectare,229,Tonnes,0.41712204
Andhra Pradesh,MAHBUBNAGAR,Coriander,2003-04,Whole Year,1411,Hectare,387,Tonnes,0.274273565
Andhra Pradesh,MEDAK,Coriander,2001-02,Whole Year,3880,Hectare,1909,Tonnes,0.492010309
Andhra Pradesh,MEDAK,Coriander,2002-03,Whole Year,3162,Hectare,1322,Tonnes,0.418089817
Andhra Pradesh,MEDAK,Coriander,2003-04,Whole Year,3011,Hectare,825,Tonnes,0.27399535
Andhra Pradesh,NALGONDA,Coriander,2001-02,Whole Year,695,Hectare,342,Tonnes,0.492086331
Andhra Pradesh,NALGONDA,Coriander,2002-03,Whole Year,876,Hectare,366,Tonnes,0.417808219
Andhra Pradesh,NALGONDA,Coriander,2003-04,Whole Year,2712,Hectare,743,Tonnes,0.273967552
Andhra Pradesh,NIZAMABAD,Coriander,2001-02,Whole Year,532,Hectare,262,Tonnes,0.492481203
Andhra Pradesh,NIZAMABAD,Coriander,2002-03,Whole Year,428,Hectare,179,Tonnes,0.418224299
Andhra Pradesh,NIZAMABAD,Coriander,2003-04,Whole Year,470,Hectare,129,Tonnes,0.274468085
Andhra Pradesh,PRAKASAM,Coriander,2001-02,Whole Year,2993,Hectare,2317,Tonnes,0.774139659
Andhra Pradesh,PRAKASAM,Coriander,2002-03,Whole Year,3841,Hectare,2124,Tonnes,0.552980995
Andhra Pradesh,PRAKASAM,Coriander,2003-04,Whole Year,6061,Hectare,4588,Tonnes,0.756970797
Andhra Pradesh,RANGAREDDI,Coriander,2001-02,Whole Year,343,Hectare,168,Tonnes,0.489795918
Andhra Pradesh,RANGAREDDI,Coriander,2002-03,Whole Year,343,Hectare,143,Tonnes,0.416909621
Andhra Pradesh,RANGAREDDI,Coriander,2003-04,Whole Year,214,Hectare,59,Tonnes,0.275700935
Andhra Pradesh,SPSR NELLORE,Coriander,2001-02,Whole Year,20,Hectare,15,Tonnes,0.75
Andhra Pradesh,SPSR NELLORE,Coriander,2002-03,Whole Year,33,Hectare,18,Tonnes,0.545454545
Andhra Pradesh,SPSR NELLORE,Coriander,2003-04,Whole Year,145,Hectare,110,Tonnes,0.75862069
Andhra Pradesh,WARANGAL,Coriander,2001-02,Whole Year,504,Hectare,248,Tonnes,0.492063492
Andhra Pradesh,WARANGAL,Coriander,2002-03,Whole Year,711,Hectare,297,Tonnes,0.417721519
Andhra Pradesh,WARANGAL,Coriander,2003-04,Whole Year,718,Hectare,197,Tonnes,0.274373259
Andhra Pradesh,ADILABAD,Cotton(lint),2001-02,Kharif,175552,Hectare,270557,Bales,1.541178682
Andhra Pradesh,ADILABAD,Cotton(lint),2002-03,Kharif,162008,Hectare,171538,Bales,1.058824256
Andhra Pradesh,ADILABAD,Cotton(lint),2003-04,Kharif,145297,Hectare,288030,Bales,1.982353387
Andhra Pradesh,ANANTAPUR,Cotton(lint),2001-02,Kharif,8552,Hectare,9055,Bales,1.058816651
Andhra Pradesh,ANANTAPUR,Cotton(lint),2002-03,Kharif,7638,Hectare,7144,Bales,0.935323383
Andhra Pradesh,ANANTAPUR,Cotton(lint),2003-04,Kharif,4212,Hectare,4262,Bales,1.011870845
Andhra Pradesh,CHITTOOR,Cotton(lint),2001-02,Kharif,2,Hectare,2,Bales,1
Andhra Pradesh,EAST GODAVARI,Cotton(lint),2001-02,Kharif,6289,Hectare,16425,Bales,2.611702973
Andhra Pradesh,EAST GODAVARI,Cotton(lint),2002-03,Kharif,4555,Hectare,8092,Bales,1.77650933
Andhra Pradesh,EAST GODAVARI,Cotton(lint),2003-04,Kharif,8969,Hectare,26696,Bales,2.976474523
Andhra Pradesh,GUNTUR,Cotton(lint),2001-02,Kharif,126285,Hectare,378112,Bales,2.994116483
Andhra Pradesh,GUNTUR,Cotton(lint),2002-03,Kharif,98628,Hectare,186813,Bales,1.894117289
Andhra Pradesh,GUNTUR,Cotton(lint),2003-04,Kharif,138925,Hectare,485420,Bales,3.49411553
Andhra Pradesh,KADAPA,Cotton(lint),2001-02,Kharif,21579,Hectare,23356,Bales,1.08234858
Andhra Pradesh,KADAPA,Cotton(lint),2002-03,Kharif,11500,Hectare,12921,Bales,1.123565217
Andhra Pradesh,KADAPA,Cotton(lint),2003-04,Kharif,15784,Hectare,12999,Bales,0.823555499
Andhra Pradesh,KARIMNAGAR,Cotton(lint),2001-02,Kharif,80520,Hectare,103729,Bales,1.288238947
Andhra Pradesh,KARIMNAGAR,Cotton(lint),2002-03,Kharif,46302,Hectare,71087,Bales,1.535290052
Andhra Pradesh,KARIMNAGAR,Cotton(lint),2003-04,Kharif,48689,Hectare,106829,Bales,2.194109552
Andhra Pradesh,KHAMMAM,Cotton(lint),2001-02,Kharif,99040,Hectare,208567,Bales,2.105886511
Andhra Pradesh,KHAMMAM,Cotton(lint),2002-03,Kharif,70138,Hectare,117172,Bales,1.670592261
Andhra Pradesh,KHAMMAM,Cotton(lint),2003-04,Kharif,76338,Hectare,176475,Bales,2.311758233
Andhra Pradesh,KRISHNA,Cotton(lint),2001-02,Kharif,35374,Hectare,77615,Bales,2.194125629
Andhra Pradesh,KRISHNA,Cotton(lint),2002-03,Kharif,31367,Hectare,57937,Bales,1.847068575
Andhra Pradesh,KRISHNA,Cotton(lint),2003-04,Kharif,35436,Hectare,104849,Bales,2.958827181
Andhra Pradesh,KURNOOL,Cotton(lint),2001-02,Kharif,82631,Hectare,87006,Bales,1.052946231
Andhra Pradesh,KURNOOL,Cotton(lint),2002-03,Kharif,55276,Hectare,49748,Bales,0.899992764
Andhra Pradesh,KURNOOL,Cotton(lint),2003-04,Kharif,39274,Hectare,42739,Bales,1.088226307
Andhra Pradesh,MAHBUBNAGAR,Cotton(lint),2001-02,Kharif,63422,Hectare,77226,Bales,1.21765318
Andhra Pradesh,MAHBUBNAGAR,Cotton(lint),2002-03,Kharif,43266,Hectare,57518,Bales,1.329404151
Andhra Pradesh,MAHBUBNAGAR,Cotton(lint),2003-04,Kharif,34979,Hectare,57407,Bales,1.641184711
Andhra Pradesh,MEDAK,Cotton(lint),2001-02,Kharif,16399,Hectare,24791,Bales,1.511738521
Andhra Pradesh,MEDAK,Cotton(lint),2002-03,Kharif,6960,Hectare,8843,Bales,1.270545977
Andhra Pradesh,MEDAK,Cotton(lint),2003-04,Kharif,5761,Hectare,13318,Bales,2.311751432
Andhra Pradesh,NALGONDA,Cotton(lint),2001-02,Kharif,113516,Hectare,102832,Bales,0.905881109
Andhra Pradesh,NALGONDA,Cotton(lint),2002-03,Kharif,77391,Hectare,67376,Bales,0.870592188
Andhra Pradesh,NALGONDA,Cotton(lint),2003-04,Kharif,63615,Hectare,112262,Bales,1.764709581
Andhra Pradesh,NIZAMABAD,Cotton(lint),2001-02,Kharif,10931,Hectare,16525,Bales,1.511755558
Andhra Pradesh,NIZAMABAD,Cotton(lint),2002-03,Kharif,8746,Hectare,11113,Bales,1.270638006
Andhra Pradesh,NIZAMABAD,Cotton(lint),2003-04,Kharif,8588,Hectare,6416,Bales,0.747088961
Andhra Pradesh,PRAKASAM,Cotton(lint),2001-02,Kharif,37624,Hectare,62633,Bales,1.664708697
Andhra Pradesh,PRAKASAM,Cotton(lint),2002-03,Kharif,24364,Hectare,28377,Bales,1.164710228
Andhra Pradesh,PRAKASAM,Cotton(lint),2003-04,Kharif,35815,Hectare,60675,Bales,1.694122574
Andhra Pradesh,RANGAREDDI,Cotton(lint),2001-02,Kharif,19452,Hectare,30093,Bales,1.547038865
Andhra Pradesh,RANGAREDDI,Cotton(lint),2002-03,Kharif,14141,Hectare,22459,Bales,1.588218655
Andhra Pradesh,RANGAREDDI,Cotton(lint),2003-04,Kharif,15368,Hectare,36070,Bales,2.347084852
Andhra Pradesh,SPSR NELLORE,Cotton(lint),2001-02,Kharif,6553,Hectare,17115,Bales,2.611780864
Andhra Pradesh,SPSR NELLORE,Cotton(lint),2002-03,Kharif,5798,Hectare,10300,Bales,1.776474646
Andhra Pradesh,SPSR NELLORE,Cotton(lint),2003-04,Kharif,9993,Hectare,29744,Bales,2.976483538
Andhra Pradesh,SRIKAKULAM,Cotton(lint),2001-02,Kharif,1724,Hectare,4503,Bales,2.611948956
Andhra Pradesh,SRIKAKULAM,Cotton(lint),2002-03,Kharif,1522,Hectare,2704,Bales,1.776609724
Andhra Pradesh,SRIKAKULAM,Cotton(lint),2003-04,Kharif,1711,Hectare,5093,Bales,2.976621859
Andhra Pradesh,VISAKHAPATANAM,Cotton(lint),2001-02,Kharif,1021,Hectare,2667,Bales,2.612144956
Andhra Pradesh,VISAKHAPATANAM,Cotton(lint),2002-03,Kharif,859,Hectare,1526,Bales,1.776484284
Andhra Pradesh,VISAKHAPATANAM,Cotton(lint),2003-04,Kharif,1359,Hectare,4045,Bales,2.976453274
Andhra Pradesh,VIZIANAGARAM,Cotton(lint),2001-02,Kharif,15639,Hectare,40845,Bales,2.611739881
Andhra Pradesh,VIZIANAGARAM,Cotton(lint),2002-03,Kharif,12397,Hectare,22023,Bales,1.77647818
Andhra Pradesh,VIZIANAGARAM,Cotton(lint),2003-04,Kharif,19471,Hectare,26801,Bales,1.376457295
Andhra Pradesh,WARANGAL,Cotton(lint),2001-02,Kharif,182478,Hectare,314506,Bales,1.723528316
Andhra Pradesh,WARANGAL,Cotton(lint),2002-03,Kharif,119478,Hectare,169378,Bales,1.417650111
Andhra Pradesh,WARANGAL,Cotton(lint),2003-04,Kharif,123549,Hectare,279075,Bales,2.258820387
Andhra Pradesh,WEST GODAVARI,Cotton(lint),2001-02,Kharif,3269,Hectare,8538,Bales,2.611807892
Andhra Pradesh,WEST GODAVARI,Cotton(lint),2002-03,Kharif,940,Hectare,1670,Bales,1.776595745
Andhra Pradesh,WEST GODAVARI,Cotton(lint),2003-04,Kharif,3759,Hectare,11189,Bales,2.976589518
Andhra Pradesh,ADILABAD,Dry chillies,2001-02,Kharif,5927,Hectare,3497,Tonnes,0.59001181
Andhra Pradesh,ADILABAD,Dry chillies,2001-02,Rabi,601,Hectare,1656,Tonnes,2.755407654
Andhra Pradesh,ADILABAD,Dry chillies,2002-03,Kharif,9062,Hectare,5836,Tonnes,0.644007945
Andhra Pradesh,ADILABAD,Dry chillies,2002-03,Rabi,289,Hectare,718,Tonnes,2.484429066
Andhra Pradesh,ADILABAD,Dry chillies,2003-04,Kharif,10103,Hectare,12760,Tonnes,1.262991191
Andhra Pradesh,ADILABAD,Dry chillies,2003-04,Rabi,310,Hectare,1012,Tonnes,3.264516129
Andhra Pradesh,ANANTAPUR,Dry chillies,2001-02,Kharif,3765,Hectare,7127,Tonnes,1.892961487
Andhra Pradesh,ANANTAPUR,Dry chillies,2001-02,Rabi,108,Hectare,168,Tonnes,1.555555556
Andhra Pradesh,ANANTAPUR,Dry chillies,2002-03,Kharif,2737,Hectare,6128,Tonnes,2.238947753
Andhra Pradesh,ANANTAPUR,Dry chillies,2002-03,Rabi,83,Hectare,161,Tonnes,1.939759036
Andhra Pradesh,ANANTAPUR,Dry chillies,2003-04,Kharif,2920,Hectare,10702,Tonnes,3.665068493
Andhra Pradesh,ANANTAPUR,Dry chillies,2003-04,Rabi,91,Hectare,190,Tonnes,2.087912088
Andhra Pradesh,CHITTOOR,Dry chillies,2001-02,Kharif,443,Hectare,641,Tonnes,1.446952596
Andhra Pradesh,CHITTOOR,Dry chillies,2001-02,Rabi,2958,Hectare,4609,Tonnes,1.558147397
Andhra Pradesh,CHITTOOR,Dry chillies,2002-03,Kharif,519,Hectare,791,Tonnes,1.524084778
Andhra Pradesh,CHITTOOR,Dry chillies,2002-03,Rabi,2199,Hectare,4253,Tonnes,1.934060937
Andhra Pradesh,CHITTOOR,Dry chillies,2003-04,Kharif,412,Hectare,1014,Tonnes,2.461165049
Andhra Pradesh,CHITTOOR,Dry chillies,2003-04,Rabi,2792,Hectare,5832,Tonnes,2.088825215
Andhra Pradesh,EAST GODAVARI,Dry chillies,2001-02,Kharif,628,Hectare,2274,Tonnes,3.621019108
Andhra Pradesh,EAST GODAVARI,Dry chillies,2001-02,Rabi,936,Hectare,1882,Tonnes,2.010683761
Andhra Pradesh,EAST GODAVARI,Dry chillies,2002-03,Kharif,512,Hectare,1011,Tonnes,1.974609375
Andhra Pradesh,EAST GODAVARI,Dry chillies,2002-03,Rabi,597,Hectare,993,Tonnes,1.663316583
Andhra Pradesh,EAST GODAVARI,Dry chillies,2003-04,Kharif,1070,Hectare,4714,Tonnes,4.405607477
Andhra Pradesh,EAST GODAVARI,Dry chillies,2003-04,Rabi,1029,Hectare,2172,Tonnes,2.110787172
Andhra Pradesh,GUNTUR,Dry chillies,2001-02,Kharif,51052,Hectare,203953,Tonnes,3.995005093
Andhra Pradesh,GUNTUR,Dry chillies,2001-02,Rabi,515,Hectare,1036,Tonnes,2.011650485
Andhra Pradesh,GUNTUR,Dry chillies,2002-03,Kharif,58658,Hectare,118606,Tonnes,2.021991885
Andhra Pradesh,GUNTUR,Dry chillies,2002-03,Rabi,658,Hectare,1094,Tonnes,1.662613982
Andhra Pradesh,GUNTUR,Dry chillies,2003-04,Kharif,67122,Hectare,338429,Tonnes,5.041998153
Andhra Pradesh,GUNTUR,Dry chillies,2003-04,Rabi,172,Hectare,363,Tonnes,2.110465116
Andhra Pradesh,KADAPA,Dry chillies,2001-02,Kharif,5056,Hectare,7316,Tonnes,1.446993671
Andhra Pradesh,KADAPA,Dry chillies,2001-02,Rabi,409,Hectare,637,Tonnes,1.557457213
Andhra Pradesh,KADAPA,Dry chillies,2002-03,Kharif,3839,Hectare,5854,Tonnes,1.52487627
Andhra Pradesh,KADAPA,Dry chillies,2002-03,Rabi,356,Hectare,687,Tonnes,1.929775281
Andhra Pradesh,KADAPA,Dry chillies,2003-04,Kharif,3422,Hectare,8422,Tonnes,2.46113384
Andhra Pradesh,KADAPA,Dry chillies,2003-04,Rabi,314,Hectare,656,Tonnes,2.089171975
Andhra Pradesh,KARIMNAGAR,Dry chillies,2001-02,Kharif,6989,Hectare,13230,Tonnes,1.892974674
Andhra Pradesh,KARIMNAGAR,Dry chillies,2001-02,Rabi,2324,Hectare,6403,Tonnes,2.755163511
Andhra Pradesh,KARIMNAGAR,Dry chillies,2002-03,Kharif,9430,Hectare,12985,Tonnes,1.376988335
Andhra Pradesh,KARIMNAGAR,Dry chillies,2002-03,Rabi,1577,Hectare,3920,Tonnes,2.485732403
Andhra Pradesh,KARIMNAGAR,Dry chillies,2003-04,Kharif,10138,Hectare,17133,Tonnes,1.689978299
Andhra Pradesh,KARIMNAGAR,Dry chillies,2003-04,Rabi,2052,Hectare,6696,Tonnes,3.263157895
Andhra Pradesh,KHAMMAM,Dry chillies,2001-02,Kharif,15133,Hectare,62514,Tonnes,4.130972048
Andhra Pradesh,KHAMMAM,Dry chillies,2001-02,Rabi,6962,Hectare,25697,Tonnes,3.691037058
Andhra Pradesh,KHAMMAM,Dry chillies,2002-03,Kharif,15358,Hectare,42219,Tonnes,2.748990754
Andhra Pradesh,KHAMMAM,Dry chillies,2002-03,Rabi,5194,Hectare,18127,Tonnes,3.489988448
Andhra Pradesh,KHAMMAM,Dry chillies,2003-04,Kharif,19619,Hectare,65724,Tonnes,3.35001784
Andhra Pradesh,KHAMMAM,Dry chillies,2003-04,Rabi,6505,Hectare,29487,Tonnes,4.532974635
Andhra Pradesh,KRISHNA,Dry chillies,2001-02,Kharif,9791,Hectare,34885,Tonnes,3.562965989
Andhra Pradesh,KRISHNA,Dry chillies,2001-02,Rabi,1417,Hectare,2850,Tonnes,2.011291461
Andhra Pradesh,KRISHNA,Dry chillies,2002-03,Kharif,12584,Hectare,31573,Tonnes,2.508979657
Andhra Pradesh,KRISHNA,Dry chillies,2002-03,Rabi,1000,Hectare,1663,Tonnes,1.663
Andhra Pradesh,KRISHNA,Dry chillies,2003-04,Kharif,11962,Hectare,36939,Tonnes,3.088028758
Andhra Pradesh,KRISHNA,Dry chillies,2003-04,Rabi,1365,Hectare,2882,Tonnes,2.111355311
Andhra Pradesh,KURNOOL,Dry chillies,2001-02,Kharif,14427,Hectare,19202,Tonnes,1.330976641
Andhra Pradesh,KURNOOL,Dry chillies,2001-02,Rabi,557,Hectare,868,Tonnes,1.558348294
Andhra Pradesh,KURNOOL,Dry chillies,2002-03,Kharif,10201,Hectare,13598,Tonnes,1.333006568
Andhra Pradesh,KURNOOL,Dry chillies,2002-03,Rabi,792,Hectare,1532,Tonnes,1.934343434
Andhra Pradesh,KURNOOL,Dry chillies,2003-04,Kharif,11597,Hectare,25026,Tonnes,2.157971889
Andhra Pradesh,KURNOOL,Dry chillies,2003-04,Rabi,932,Hectare,1947,Tonnes,2.089055794
Andhra Pradesh,MAHBUBNAGAR,Dry chillies,2001-02,Kharif,8942,Hectare,7538,Tonnes,0.842988146
Andhra Pradesh,MAHBUBNAGAR,Dry chillies,2001-02,Rabi,1981,Hectare,5458,Tonnes,2.755174154
Andhra Pradesh,MAHBUBNAGAR,Dry chillies,2002-03,Kharif,9076,Hectare,10174,Tonnes,1.120978405
Andhra Pradesh,MAHBUBNAGAR,Dry chillies,2002-03,Rabi,2057,Hectare,5114,Tonnes,2.486144871
Andhra Pradesh,MAHBUBNAGAR,Dry chillies,2003-04,Kharif,8097,Hectare,24251,Tonnes,2.995059899
Andhra Pradesh,MAHBUBNAGAR,Dry chillies,2003-04,Rabi,2117,Hectare,6908,Tonnes,3.263108172
Andhra Pradesh,MEDAK,Dry chillies,2001-02,Kharif,6037,Hectare,5035,Tonnes,0.834023522
Andhra Pradesh,MEDAK,Dry chillies,2001-02,Rabi,1749,Hectare,4818,Tonnes,2.754716981
Andhra Pradesh,MEDAK,Dry chillies,2002-03,Kharif,4948,Hectare,4354,Tonnes,0.879951496
Andhra Pradesh,MEDAK,Dry chillies,2002-03,Rabi,2505,Hectare,6227,Tonnes,2.485828343
Andhra Pradesh,MEDAK,Dry chillies,2003-04,Kharif,6395,Hectare,9381,Tonnes,1.466927287
Andhra Pradesh,MEDAK,Dry chillies,2003-04,Rabi,1739,Hectare,5674,Tonnes,3.26279471
Andhra Pradesh,NALGONDA,Dry chillies,2001-02,Kharif,7460,Hectare,20731,Tonnes,2.778954424
Andhra Pradesh,NALGONDA,Dry chillies,2001-02,Rabi,845,Hectare,2328,Tonnes,2.755029586
Andhra Pradesh,NALGONDA,Dry chillies,2002-03,Kharif,7376,Hectare,5451,Tonnes,0.739018438
Andhra Pradesh,NALGONDA,Dry chillies,2002-03,Rabi,1342,Hectare,3336,Tonnes,2.485842027
Andhra Pradesh,NALGONDA,Dry chillies,2003-04,Kharif,7007,Hectare,17742,Tonnes,2.532039389
Andhra Pradesh,NALGONDA,Dry chillies,2003-04,Rabi,2128,Hectare,6944,Tonnes,3.263157895
Andhra Pradesh,NIZAMABAD,Dry chillies,2001-02,Kharif,1528,Hectare,3279,Tonnes,2.145942408
Andhra Pradesh,NIZAMABAD,Dry chillies,2001-02,Rabi,1120,Hectare,3086,Tonnes,2.755357143
Andhra Pradesh,NIZAMABAD,Dry chillies,2002-03,Kharif,1664,Hectare,2601,Tonnes,1.563100962
Andhra Pradesh,NIZAMABAD,Dry chillies,2002-03,Rabi,995,Hectare,2474,Tonnes,2.486432161
Andhra Pradesh,NIZAMABAD,Dry chillies,2003-04,Kharif,1861,Hectare,4241,Tonnes,2.278882321
Andhra Pradesh,NIZAMABAD,Dry chillies,2003-04,Rabi,1017,Hectare,3318,Tonnes,3.262536873
Andhra Pradesh,PRAKASAM,Dry chillies,2001-02,Kharif,14347,Hectare,33400,Tonnes,2.328012825
Andhra Pradesh,PRAKASAM,Dry chillies,2001-02,Rabi,3920,Hectare,9776,Tonnes,2.493877551
Andhra Pradesh,PRAKASAM,Dry chillies,2002-03,Kharif,11789,Hectare,13805,Tonnes,1.171006871
Andhra Pradesh,PRAKASAM,Dry chillies,2002-03,Rabi,4474,Hectare,6899,Tonnes,1.542020563
Andhra Pradesh,PRAKASAM,Dry chillies,2003-04,Kharif,14050,Hectare,35027,Tonnes,2.493024911
Andhra Pradesh,PRAKASAM,Dry chillies,2003-04,Rabi,4391,Hectare,10574,Tonnes,2.408107493
Andhra Pradesh,RANGAREDDI,Dry chillies,2001-02,Kharif,2163,Hectare,4642,Tonnes,2.146093389
Andhra Pradesh,RANGAREDDI,Dry chillies,2001-02,Rabi,813,Hectare,2240,Tonnes,2.755227552
Andhra Pradesh,RANGAREDDI,Dry chillies,2002-03,Kharif,1903,Hectare,2974,Tonnes,1.562795586
Andhra Pradesh,RANGAREDDI,Dry chillies,2002-03,Rabi,820,Hectare,2039,Tonnes,2.486585366
Andhra Pradesh,RANGAREDDI,Dry chillies,2003-04,Kharif,1613,Hectare,3676,Tonnes,2.278983261
Andhra Pradesh,RANGAREDDI,Dry chillies,2003-04,Rabi,605,Hectare,1974,Tonnes,3.262809917
Andhra Pradesh,SPSR NELLORE,Dry chillies,2001-02,Kharif,55,Hectare,199,Tonnes,3.618181818
Andhra Pradesh,SPSR NELLORE,Dry chillies,2001-02,Rabi,1941,Hectare,5868,Tonnes,3.023183926
Andhra Pradesh,SPSR NELLORE,Dry chillies,2002-03,Kharif,55,Hectare,109,Tonnes,1.981818182
Andhra Pradesh,SPSR NELLORE,Dry chillies,2002-03,Rabi,2779,Hectare,7514,Tonnes,2.703850306
Andhra Pradesh,SPSR NELLORE,Dry chillies,2003-04,Kharif,229,Hectare,1009,Tonnes,4.406113537
Andhra Pradesh,SPSR NELLORE,Dry chillies,2003-04,Rabi,3576,Hectare,9537,Tonnes,2.666946309
Andhra Pradesh,SRIKAKULAM,Dry chillies,2001-02,Kharif,12,Hectare,43,Tonnes,3.583333333
Andhra Pradesh,SRIKAKULAM,Dry chillies,2001-02,Rabi,2840,Hectare,7659,Tonnes,2.696830986
Andhra Pradesh,SRIKAKULAM,Dry chillies,2002-03,Kharif,15,Hectare,30,Tonnes,2
Andhra Pradesh,SRIKAKULAM,Dry chillies,2002-03,Rabi,2152,Hectare,4229,Tonnes,1.965148699
Andhra Pradesh,SRIKAKULAM,Dry chillies,2003-04,Kharif,45,Hectare,198,Tonnes,4.4
Andhra Pradesh,SRIKAKULAM,Dry chillies,2003-04,Rabi,2615,Hectare,9116,Tonnes,3.486042065
Andhra Pradesh,VISAKHAPATANAM,Dry chillies,2001-02,Kharif,918,Hectare,3324,Tonnes,3.620915033
Andhra Pradesh,VISAKHAPATANAM,Dry chillies,2001-02,Rabi,3754,Hectare,5147,Tonnes,1.371070858
Andhra Pradesh,VISAKHAPATANAM,Dry chillies,2002-03,Kharif,908,Hectare,1793,Tonnes,1.974669604
Andhra Pradesh,VISAKHAPATANAM,Dry chillies,2002-03,Rabi,2322,Hectare,2903,Tonnes,1.250215332
Andhra Pradesh,VISAKHAPATANAM,Dry chillies,2003-04,Kharif,871,Hectare,3838,Tonnes,4.406429392
Andhra Pradesh,VISAKHAPATANAM,Dry chillies,2003-04,Rabi,3047,Hectare,4674,Tonnes,1.533967837
Andhra Pradesh,VIZIANAGARAM,Dry chillies,2001-02,Kharif,228,Hectare,826,Tonnes,3.622807018
Andhra Pradesh,VIZIANAGARAM,Dry chillies,2001-02,Rabi,2341,Hectare,3722,Tonnes,1.589918838
Andhra Pradesh,VIZIANAGARAM,Dry chillies,2002-03,Kharif,300,Hectare,593,Tonnes,1.976666667
Andhra Pradesh,VIZIANAGARAM,Dry chillies,2002-03,Rabi,2027,Hectare,2461,Tonnes,1.214109521
Andhra Pradesh,VIZIANAGARAM,Dry chillies,2003-04,Kharif,235,Hectare,1035,Tonnes,4.404255319
Andhra Pradesh,VIZIANAGARAM,Dry chillies,2003-04,Rabi,2081,Hectare,2620,Tonnes,1.259010091
Andhra Pradesh,WARANGAL,Dry chillies,2001-02,Kharif,15720,Hectare,29506,Tonnes,1.87697201
Andhra Pradesh,WARANGAL,Dry chillies,2001-02,Rabi,11818,Hectare,26047,Tonnes,2.204010831
Andhra Pradesh,WARANGAL,Dry chillies,2002-03,Kharif,15045,Hectare,28841,Tonnes,1.916982386
Andhra Pradesh,WARANGAL,Dry chillies,2002-03,Rabi,9480,Hectare,18334,Tonnes,1.933966245
Andhra Pradesh,WARANGAL,Dry chillies,2003-04,Kharif,20737,Hectare,40126,Tonnes,1.934995419
Andhra Pradesh,WARANGAL,Dry chillies,2003-04,Rabi,8160,Hectare,18360,Tonnes,2.25
Andhra Pradesh,WEST GODAVARI,Dry chillies,2001-02,Kharif,40,Hectare,145,Tonnes,3.625
Andhra Pradesh,WEST GODAVARI,Dry chillies,2001-02,Rabi,4258,Hectare,6149,Tonnes,1.444105214
Andhra Pradesh,WEST GODAVARI,Dry chillies,2002-03,Kharif,22,Hectare,43,Tonnes,1.954545455
Andhra Pradesh,WEST GODAVARI,Dry chillies,2002-03,Rabi,3549,Hectare,4766,Tonnes,1.342913497
Andhra Pradesh,WEST GODAVARI,Dry chillies,2003-04,Kharif,40,Hectare,176,Tonnes,4.4
Andhra Pradesh,WEST GODAVARI,Dry chillies,2003-04,Rabi,3734,Hectare,4526,Tonnes,1.212104981
Andhra Pradesh,KARIMNAGAR,Ginger,2001-02,Whole Year,2,Hectare,5,Tonnes,2.5
Andhra Pradesh,KRISHNA,Ginger,2001-02,Whole Year,14,Hectare,37,Tonnes,2.642857143
Andhra Pradesh,KRISHNA,Ginger,2002-03,Whole Year,12,Hectare,20,Tonnes,1.666666667
Andhra Pradesh,KRISHNA,Ginger,2003-04,Whole Year,13,Hectare,37,Tonnes,2.846153846
Andhra Pradesh,MEDAK,Ginger,2001-02,Whole Year,1096,Hectare,2497,Tonnes,2.278284672
Andhra Pradesh,MEDAK,Ginger,2002-03,Whole Year,593,Hectare,970,Tonnes,1.635750422
Andhra Pradesh,MEDAK,Ginger,2003-04,Whole Year,756,Hectare,2410,Tonnes,3.187830688
Andhra Pradesh,NIZAMABAD,Ginger,2001-02,Whole Year,54,Hectare,123,Tonnes,2.277777778
Andhra Pradesh,NIZAMABAD,Ginger,2002-03,Whole Year,46,Hectare,75,Tonnes,1.630434783
Andhra Pradesh,NIZAMABAD,Ginger,2003-04,Whole Year,38,Hectare,121,Tonnes,3.184210526
Andhra Pradesh,RANGAREDDI,Ginger,2001-02,Whole Year,62,Hectare,141,Tonnes,2.274193548
Andhra Pradesh,RANGAREDDI,Ginger,2002-03,Whole Year,50,Hectare,82,Tonnes,1.64
Andhra Pradesh,RANGAREDDI,Ginger,2003-04,Whole Year,49,Hectare,156,Tonnes,3.183673469
Andhra Pradesh,SRIKAKULAM,Ginger,2001-02,Whole Year,131,Hectare,345,Tonnes,2.633587786
Andhra Pradesh,SRIKAKULAM,Ginger,2002-03,Whole Year,140,Hectare,229,Tonnes,1.635714286
Andhra Pradesh,SRIKAKULAM,Ginger,2003-04,Whole Year,140,Hectare,398,Tonnes,2.842857143
Andhra Pradesh,VISAKHAPATANAM,Ginger,2001-02,Whole Year,1158,Hectare,3047,Tonnes,2.631260794
Andhra Pradesh,VISAKHAPATANAM,Ginger,2002-03,Whole Year,1167,Hectare,1908,Tonnes,1.63496144
Andhra Pradesh,VISAKHAPATANAM,Ginger,2003-04,Whole Year,868,Hectare,2466,Tonnes,2.841013825
Andhra Pradesh,VIZIANAGARAM,Ginger,2002-03,Whole Year,8,Hectare,13,Tonnes,1.625
Andhra Pradesh,VIZIANAGARAM,Ginger,2003-04,Whole Year,8,Hectare,23,Tonnes,2.875
Andhra Pradesh,WARANGAL,Ginger,2001-02,Whole Year,30,Hectare,68,Tonnes,2.266666667
Andhra Pradesh,WARANGAL,Ginger,2002-03,Whole Year,10,Hectare,16,Tonnes,1.6
Andhra Pradesh,WARANGAL,Ginger,2003-04,Whole Year,1,Hectare,3,Tonnes,3
Andhra Pradesh,ADILABAD,Gram,2001-02,Kharif,1,Hectare,1,Tonnes,1
Andhra Pradesh,ADILABAD,Gram,2001-02,Rabi,3277,Hectare,3621,Tonnes,1.104974062
Andhra Pradesh,ADILABAD,Gram,2002-03,Rabi,3711,Hectare,4591,Tonnes,1.237132848
Andhra Pradesh,ADILABAD,Gram,2003-04,Rabi,8627,Hectare,10302,Tonnes,1.194157876
Andhra Pradesh,ANANTAPUR,Gram,2001-02,Kharif,16,Hectare,17,Tonnes,1.0625
Andhra Pradesh,ANANTAPUR,Gram,2001-02,Rabi,47894,Hectare,50145,Tonnes,1.046999624
Andhra Pradesh,ANANTAPUR,Gram,2002-03,Rabi,54264,Hectare,20186,Tonnes,0.371996167
Andhra Pradesh,ANANTAPUR,Gram,2003-04,Rabi,51461,Hectare,15438,Tonnes,0.29999417
Andhra Pradesh,CHITTOOR,Gram,2001-02,Kharif,5,Hectare,6,Tonnes,1.2
Andhra Pradesh,CHITTOOR,Gram,2002-03,Rabi,20,Hectare,16,Tonnes,0.8
Andhra Pradesh,EAST GODAVARI,Gram,2001-02,Rabi,26,Hectare,49,Tonnes,1.884615385
Andhra Pradesh,EAST GODAVARI,Gram,2002-03,Rabi,31,Hectare,41,Tonnes,1.322580645
Andhra Pradesh,EAST GODAVARI,Gram,2003-04,Rabi,5,Hectare,9,Tonnes,1.8
Andhra Pradesh,GUNTUR,Gram,2001-02,Rabi,2820,Hectare,5285,Tonnes,1.874113475
Andhra Pradesh,GUNTUR,Gram,2002-03,Rabi,9847,Hectare,12909,Tonnes,1.310957652
Andhra Pradesh,GUNTUR,Gram,2003-04,Kharif,44,Hectare,79,Tonnes,1.795454545
Andhra Pradesh,GUNTUR,Gram,2003-04,Rabi,17127,Hectare,30656,Tonnes,1.789922345
Andhra Pradesh,KADAPA,Gram,2001-02,Kharif,1,Hectare,1,Tonnes,1
Andhra Pradesh,KADAPA,Gram,2001-02,Rabi,42871,Hectare,54060,Tonnes,1.260992279
Andhra Pradesh,KADAPA,Gram,2002-03,Kharif,2,Hectare,1,Tonnes,0.5
Andhra Pradesh,KADAPA,Gram,2002-03,Rabi,54056,Hectare,28109,Tonnes,0.51999778
Andhra Pradesh,KADAPA,Gram,2003-04,Rabi,44584,Hectare,49221,Tonnes,1.104005921
Andhra Pradesh,KARIMNAGAR,Gram,2001-02,Rabi,749,Hectare,828,Tonnes,1.105473965
Andhra Pradesh,KARIMNAGAR,Gram,2002-03,Rabi,2987,Hectare,3695,Tonnes,1.237027118
Andhra Pradesh,KARIMNAGAR,Gram,2003-04,Kharif,6,Hectare,7,Tonnes,1.166666667
Andhra Pradesh,KARIMNAGAR,Gram,2003-04,Rabi,6990,Hectare,8346,Tonnes,1.193991416
Andhra Pradesh,KHAMMAM,Gram,2001-02,Rabi,142,Hectare,157,Tonnes,1.105633803
Andhra Pradesh,KHAMMAM,Gram,2002-03,Kharif,18,Hectare,22,Tonnes,1.222222222
Andhra Pradesh,KHAMMAM,Gram,2002-03,Rabi,115,Hectare,142,Tonnes,1.234782609
Andhra Pradesh,KHAMMAM,Gram,2003-04,Rabi,239,Hectare,285,Tonnes,1.192468619
Andhra Pradesh,KRISHNA,Gram,2001-02,Rabi,30,Hectare,56,Tonnes,1.866666667
Andhra Pradesh,KRISHNA,Gram,2002-03,Rabi,48,Hectare,63,Tonnes,1.3125
Andhra Pradesh,KRISHNA,Gram,2003-04,Kharif,2,Hectare,4,Tonnes,2
Andhra Pradesh,KRISHNA,Gram,2003-04,Rabi,153,Hectare,274,Tonnes,1.790849673
Andhra Pradesh,KURNOOL,Gram,2001-02,Kharif,10,Hectare,12,Tonnes,1.2
Andhra Pradesh,KURNOOL,Gram,2001-02,Rabi,107059,Hectare,125901,Tonnes,1.175996413
Andhra Pradesh,KURNOOL,Gram,2002-03,Rabi,143953,Hectare,157053,Tonnes,1.091001924
Andhra Pradesh,KURNOOL,Gram,2003-04,Rabi,139705,Hectare,110507,Tonnes,0.791002469
Andhra Pradesh,MAHBUBNAGAR,Gram,2001-02,Kharif,46,Hectare,51,Tonnes,1.108695652
Andhra Pradesh,MAHBUBNAGAR,Gram,2001-02,Rabi,7043,Hectare,7783,Tonnes,1.105068863
Andhra Pradesh,MAHBUBNAGAR,Gram,2002-03,Rabi,10731,Hectare,13274,Tonnes,1.236976983
Andhra Pradesh,MAHBUBNAGAR,Gram,2003-04,Rabi,13145,Hectare,15695,Tonnes,1.19399011
Andhra Pradesh,MEDAK,Gram,2001-02,Rabi,19979,Hectare,22077,Tonnes,1.105010261
Andhra Pradesh,MEDAK,Gram,2002-03,Rabi,28616,Hectare,35398,Tonnes,1.23700028
Andhra Pradesh,MEDAK,Gram,2003-04,Rabi,39571,Hectare,47248,Tonnes,1.194005711
Andhra Pradesh,NALGONDA,Gram,2001-02,Rabi,164,Hectare,181,Tonnes,1.103658537
Andhra Pradesh,NALGONDA,Gram,2002-03,Rabi,288,Hectare,356,Tonnes,1.236111111
Andhra Pradesh,NALGONDA,Gram,2003-04,Rabi,953,Hectare,1138,Tonnes,1.19412382
Andhra Pradesh,NIZAMABAD,Gram,2001-02,Kharif,12,Hectare,13,Tonnes,1.083333333
Andhra Pradesh,NIZAMABAD,Gram,2001-02,Rabi,2773,Hectare,3064,Tonnes,1.104940498
Andhra Pradesh,NIZAMABAD,Gram,2002-03,Rabi,4412,Hectare,5459,Tonnes,1.237307344
Andhra Pradesh,NIZAMABAD,Gram,2003-04,Rabi,8778,Hectare,10481,Tonnes,1.194007747
Andhra Pradesh,PRAKASAM,Gram,2001-02,Rabi,43496,Hectare,81512,Tonnes,1.874011403
Andhra Pradesh,PRAKASAM,Gram,2002-03,Rabi,67372,Hectare,88325,Tonnes,1.311004572
Andhra Pradesh,PRAKASAM,Gram,2003-04,Rabi,78451,Hectare,140427,Tonnes,1.789996303
Andhra Pradesh,RANGAREDDI,Gram,2001-02,Rabi,5204,Hectare,5750,Tonnes,1.104919293
Andhra Pradesh,RANGAREDDI,Gram,2002-03,Kharif,1,Hectare,1,Tonnes,1
Andhra Pradesh,RANGAREDDI,Gram,2002-03,Rabi,6110,Hectare,7558,Tonnes,1.236988543
Andhra Pradesh,RANGAREDDI,Gram,2003-04,Rabi,5783,Hectare,6905,Tonnes,1.194016946
Andhra Pradesh,SPSR NELLORE,Gram,2001-02,Rabi,930,Hectare,1743,Tonnes,1.874193548
Andhra Pradesh,SPSR NELLORE,Gram,2002-03,Kharif,16,Hectare,21,Tonnes,1.3125
Andhra Pradesh,SPSR NELLORE,Gram,2002-03,Rabi,2165,Hectare,2838,Tonnes,1.310854503
Andhra Pradesh,SPSR NELLORE,Gram,2003-04,Rabi,2604,Hectare,4661,Tonnes,1.789938556
Andhra Pradesh,VISAKHAPATANAM,Gram,2001-02,Rabi,97,Hectare,182,Tonnes,1.87628866
Andhra Pradesh,VISAKHAPATANAM,Gram,2002-03,Rabi,93,Hectare,122,Tonnes,1.311827957
Andhra Pradesh,VISAKHAPATANAM,Gram,2003-04,Rabi,215,Hectare,385,Tonnes,1.790697674
Andhra Pradesh,VIZIANAGARAM,Gram,2001-02,Rabi,61,Hectare,114,Tonnes,1.868852459
Andhra Pradesh,VIZIANAGARAM,Gram,2002-03,Rabi,322,Hectare,422,Tonnes,1.310559006
Andhra Pradesh,VIZIANAGARAM,Gram,2003-04,Rabi,178,Hectare,319,Tonnes,1.792134831
Andhra Pradesh,WARANGAL,Gram,2001-02,Rabi,465,Hectare,514,Tonnes,1.105376344
Andhra Pradesh,WARANGAL,Gram,2002-03,Rabi,949,Hectare,1174,Tonnes,1.237091675
Andhra Pradesh,WARANGAL,Gram,2003-04,Rabi,3490,Hectare,4167,Tonnes,1.193982808
Andhra Pradesh,WEST GODAVARI,Gram,2001-02,Rabi,6,Hectare,11,Tonnes,1.833333333
Andhra Pradesh,WEST GODAVARI,Gram,2002-03,Rabi,23,Hectare,30,Tonnes,1.304347826
Andhra Pradesh,ADILABAD,Groundnut,2001-02,Kharif,70,Hectare,50,Tonnes,0.714285714
Andhra Pradesh,ADILABAD,Groundnut,2001-02,Rabi,3626,Hectare,5011,Tonnes,1.381963596
Andhra Pradesh,ADILABAD,Groundnut,2002-03,Kharif,139,Hectare,78,Tonnes,0.561151079
Andhra Pradesh,ADILABAD,Groundnut,2002-03,Rabi,2479,Hectare,2705,Tonnes,1.091165793
Andhra Pradesh,ADILABAD,Groundnut,2003-04,Kharif,71,Hectare,50,Tonnes,0.704225352
Andhra Pradesh,ADILABAD,Groundnut,2003-04,Rabi,3180,Hectare,4598,Tonnes,1.44591195
Andhra Pradesh,ANANTAPUR,Groundnut,2001-02,Kharif,758700,Hectare,333828,Tonnes,0.44
Andhra Pradesh,ANANTAPUR,Groundnut,2001-02,Rabi,18773,Hectare,29192,Tonnes,1.554999201
Andhra Pradesh,ANANTAPUR,Groundnut,2002-03,Kharif,732262,Hectare,259953,Tonnes,0.354999986
Andhra Pradesh,ANANTAPUR,Groundnut,2002-03,Rabi,17529,Hectare,18651,Tonnes,1.064008215
Andhra Pradesh,ANANTAPUR,Groundnut,2003-04,Kharif,670935,Hectare,187862,Tonnes,0.280000298
Andhra Pradesh,ANANTAPUR,Groundnut,2003-04,Rabi,15060,Hectare,19819,Tonnes,1.316002656
Andhra Pradesh,CHITTOOR,Groundnut,2001-02,Kharif,171365,Hectare,125096,Tonnes,0.729997374
Andhra Pradesh,CHITTOOR,Groundnut,2001-02,Rabi,21443,Hectare,59311,Tonnes,2.765984237
Andhra Pradesh,CHITTOOR,Groundnut,2002-03,Kharif,101638,Hectare,50108,Tonnes,0.493004585
Andhra Pradesh,CHITTOOR,Groundnut,2002-03,Rabi,18706,Hectare,52714,Tonnes,2.818026302
Andhra Pradesh,CHITTOOR,Groundnut,2003-04,Kharif,137201,Hectare,92611,Tonnes,0.675002369
Andhra Pradesh,CHITTOOR,Groundnut,2003-04,Rabi,22411,Hectare,51164,Tonnes,2.282986034
Andhra Pradesh,EAST GODAVARI,Groundnut,2001-02,Kharif,140,Hectare,72,Tonnes,0.514285714
Andhra Pradesh,EAST GODAVARI,Groundnut,2001-02,Rabi,494,Hectare,979,Tonnes,1.981781377
Andhra Pradesh,EAST GODAVARI,Groundnut,2002-03,Kharif,50,Hectare,48,Tonnes,0.96
Andhra Pradesh,EAST GODAVARI,Groundnut,2002-03,Rabi,526,Hectare,920,Tonnes,1.74904943
Andhra Pradesh,EAST GODAVARI,Groundnut,2003-04,Kharif,125,Hectare,120,Tonnes,0.96
Andhra Pradesh,EAST GODAVARI,Groundnut,2003-04,Rabi,580,Hectare,977,Tonnes,1.684482759
Andhra Pradesh,GUNTUR,Groundnut,2001-02,Kharif,189,Hectare,138,Tonnes,0.73015873
Andhra Pradesh,GUNTUR,Groundnut,2001-02,Rabi,5092,Hectare,12954,Tonnes,2.543990573
Andhra Pradesh,GUNTUR,Groundnut,2002-03,Kharif,161,Hectare,141,Tonnes,0.875776398
Andhra Pradesh,GUNTUR,Groundnut,2002-03,Rabi,3624,Hectare,7802,Tonnes,2.152869757
Andhra Pradesh,GUNTUR,Groundnut,2003-04,Kharif,265,Hectare,254,Tonnes,0.958490566
Andhra Pradesh,GUNTUR,Groundnut,2003-04,Rabi,8348,Hectare,11178,Tonnes,1.339003354
Andhra Pradesh,KADAPA,Groundnut,2001-02,Kharif,119708,Hectare,43693,Tonnes,0.364996491
Andhra Pradesh,KADAPA,Groundnut,2001-02,Rabi,20282,Hectare,34824,Tonnes,1.716990435
Andhra Pradesh,KADAPA,Groundnut,2002-03,Kharif,87896,Hectare,11778,Tonnes,0.133999272
Andhra Pradesh,KADAPA,Groundnut,2002-03,Rabi,18282,Hectare,24772,Tonnes,1.354993983
Andhra Pradesh,KADAPA,Groundnut,2003-04,Kharif,109650,Hectare,21711,Tonnes,0.198002736
Andhra Pradesh,KADAPA,Groundnut,2003-04,Rabi,19746,Hectare,33430,Tonnes,1.693001114
Andhra Pradesh,KARIMNAGAR,Groundnut,2001-02,Kharif,4967,Hectare,2965,Tonnes,0.596939803
Andhra Pradesh,KARIMNAGAR,Groundnut,2001-02,Rabi,14243,Hectare,27888,Tonnes,1.958014463
Andhra Pradesh,KARIMNAGAR,Groundnut,2002-03,Kharif,3383,Hectare,1685,Tonnes,0.498078628
Andhra Pradesh,KARIMNAGAR,Groundnut,2002-03,Rabi,11852,Hectare,19485,Tonnes,1.644026325
Andhra Pradesh,KARIMNAGAR,Groundnut,2003-04,Kharif,2224,Hectare,1099,Tonnes,0.494154676
Andhra Pradesh,KARIMNAGAR,Groundnut,2003-04,Rabi,14564,Hectare,30657,Tonnes,2.104984894
Andhra Pradesh,KHAMMAM,Groundnut,2001-02,Kharif,499,Hectare,508,Tonnes,1.018036072
Andhra Pradesh,KHAMMAM,Groundnut,2001-02,Rabi,5541,Hectare,9536,Tonnes,1.720988991
Andhra Pradesh,KHAMMAM,Groundnut,2002-03,Kharif,479,Hectare,500,Tonnes,1.043841336
Andhra Pradesh,KHAMMAM,Groundnut,2002-03,Rabi,3917,Hectare,4963,Tonnes,1.267041103
Andhra Pradesh,KHAMMAM,Groundnut,2003-04,Kharif,535,Hectare,467,Tonnes,0.872897196
Andhra Pradesh,KHAMMAM,Groundnut,2003-04,Rabi,6182,Hectare,7752,Tonnes,1.253963119
Andhra Pradesh,KRISHNA,Groundnut,2001-02,Kharif,1720,Hectare,1369,Tonnes,0.795930233
Andhra Pradesh,KRISHNA,Groundnut,2001-02,Rabi,4757,Hectare,10665,Tonnes,2.241959218
Andhra Pradesh,KRISHNA,Groundnut,2002-03,Kharif,985,Hectare,977,Tonnes,0.991878173
Andhra Pradesh,KRISHNA,Groundnut,2002-03,Rabi,3447,Hectare,6449,Tonnes,1.870902234
Andhra Pradesh,KRISHNA,Groundnut,2003-04,Kharif,1023,Hectare,1112,Tonnes,1.086999022
Andhra Pradesh,KRISHNA,Groundnut,2003-04,Rabi,6570,Hectare,10959,Tonnes,1.66803653
Andhra Pradesh,KURNOOL,Groundnut,2001-02,Kharif,175910,Hectare,151283,Tonnes,0.860002274
Andhra Pradesh,KURNOOL,Groundnut,2001-02,Rabi,33333,Hectare,67566,Tonnes,2.02700027
Andhra Pradesh,KURNOOL,Groundnut,2002-03,Kharif,167944,Hectare,96568,Tonnes,0.575001191
Andhra Pradesh,KURNOOL,Groundnut,2002-03,Rabi,18980,Hectare,26667,Tonnes,1.405005269
Andhra Pradesh,KURNOOL,Groundnut,2003-04,Kharif,172279,Hectare,164182,Tonnes,0.953000656
Andhra Pradesh,KURNOOL,Groundnut,2003-04,Rabi,17180,Hectare,31628,Tonnes,1.840977881
Andhra Pradesh,MAHBUBNAGAR,Groundnut,2001-02,Kharif,66118,Hectare,37819,Tonnes,0.571992498
Andhra Pradesh,MAHBUBNAGAR,Groundnut,2001-02,Rabi,42503,Hectare,59589,Tonnes,1.401995153
Andhra Pradesh,MAHBUBNAGAR,Groundnut,2002-03,Kharif,54271,Hectare,24530,Tonnes,0.451990934
Andhra Pradesh,MAHBUBNAGAR,Groundnut,2002-03,Rabi,36038,Hectare,34272,Tonnes,0.950996171
Andhra Pradesh,MAHBUBNAGAR,Groundnut,2003-04,Kharif,40729,Hectare,24600,Tonnes,0.603992241
Andhra Pradesh,MAHBUBNAGAR,Groundnut,2003-04,Rabi,34641,Hectare,44029,Tonnes,1.271008343
Andhra Pradesh,MEDAK,Groundnut,2001-02,Kharif,1753,Hectare,2261,Tonnes,1.289788933
Andhra Pradesh,MEDAK,Groundnut,2001-02,Rabi,3602,Hectare,5374,Tonnes,1.491948917
Andhra Pradesh,MEDAK,Groundnut,2002-03,Kharif,714,Hectare,619,Tonnes,0.866946779
Andhra Pradesh,MEDAK,Groundnut,2002-03,Rabi,2524,Hectare,4344,Tonnes,1.721077655
Andhra Pradesh,MEDAK,Groundnut,2003-04,Kharif,384,Hectare,330,Tonnes,0.859375
Andhra Pradesh,MEDAK,Groundnut,2003-04,Rabi,4469,Hectare,6601,Tonnes,1.47706422
Andhra Pradesh,NALGONDA,Groundnut,2001-02,Kharif,20457,Hectare,16263,Tonnes,0.794984602
Andhra Pradesh,NALGONDA,Groundnut,2001-02,Rabi,13754,Hectare,14084,Tonnes,1.02399302
Andhra Pradesh,NALGONDA,Groundnut,2002-03,Kharif,20002,Hectare,11761,Tonnes,0.587991201
Andhra Pradesh,NALGONDA,Groundnut,2002-03,Rabi,9510,Hectare,7361,Tonnes,0.77402734
Andhra Pradesh,NALGONDA,Groundnut,2003-04,Kharif,19469,Hectare,15419,Tonnes,0.791976989
Andhra Pradesh,NALGONDA,Groundnut,2003-04,Rabi,16060,Hectare,16269,Tonnes,1.013013699
Andhra Pradesh,NIZAMABAD,Groundnut,2001-02,Kharif,239,Hectare,170,Tonnes,0.711297071
Andhra Pradesh,NIZAMABAD,Groundnut,2001-02,Rabi,7146,Hectare,12420,Tonnes,1.738035264
Andhra Pradesh,NIZAMABAD,Groundnut,2002-03,Kharif,193,Hectare,108,Tonnes,0.559585492
Andhra Pradesh,NIZAMABAD,Groundnut,2002-03,Rabi,3369,Hectare,3436,Tonnes,1.019887207
Andhra Pradesh,NIZAMABAD,Groundnut,2003-04,Kharif,163,Hectare,114,Tonnes,0.699386503
Andhra Pradesh,NIZAMABAD,Groundnut,2003-04,Rabi,2402,Hectare,5789,Tonnes,2.410074938
Andhra Pradesh,PRAKASAM,Groundnut,2001-02,Kharif,1524,Hectare,1212,Tonnes,0.795275591
Andhra Pradesh,PRAKASAM,Groundnut,2001-02,Rabi,4936,Hectare,8534,Tonnes,1.728930308
Andhra Pradesh,PRAKASAM,Groundnut,2002-03,Kharif,1711,Hectare,1761,Tonnes,1.029222677
Andhra Pradesh,PRAKASAM,Groundnut,2002-03,Rabi,4925,Hectare,6531,Tonnes,1.326091371
Andhra Pradesh,PRAKASAM,Groundnut,2003-04,Kharif,1414,Hectare,1654,Tonnes,1.169731259
Andhra Pradesh,PRAKASAM,Groundnut,2003-04,Rabi,5793,Hectare,10787,Tonnes,1.862074918
Andhra Pradesh,RANGAREDDI,Groundnut,2001-02,Kharif,1241,Hectare,604,Tonnes,0.486704271
Andhra Pradesh,RANGAREDDI,Groundnut,2001-02,Rabi,6004,Hectare,7367,Tonnes,1.227015323
Andhra Pradesh,RANGAREDDI,Groundnut,2002-03,Kharif,605,Hectare,189,Tonnes,0.312396694
Andhra Pradesh,RANGAREDDI,Groundnut,2002-03,Rabi,4658,Hectare,6260,Tonnes,1.343924431
Andhra Pradesh,RANGAREDDI,Groundnut,2003-04,Kharif,502,Hectare,283,Tonnes,0.56374502
Andhra Pradesh,RANGAREDDI,Groundnut,2003-04,Rabi,5395,Hectare,6976,Tonnes,1.29304912
Andhra Pradesh,SPSR NELLORE,Groundnut,2001-02,Kharif,2616,Hectare,3817,Tonnes,1.459097859
Andhra Pradesh,SPSR NELLORE,Groundnut,2001-02,Rabi,7111,Hectare,18531,Tonnes,2.605962593
Andhra Pradesh,SPSR NELLORE,Groundnut,2002-03,Kharif,4242,Hectare,7894,Tonnes,1.860914663
Andhra Pradesh,SPSR NELLORE,Groundnut,2002-03,Rabi,5487,Hectare,13849,Tonnes,2.523965737
Andhra Pradesh,SPSR NELLORE,Groundnut,2003-04,Kharif,5611,Hectare,10364,Tonnes,1.847086081
Andhra Pradesh,SPSR NELLORE,Groundnut,2003-04,Rabi,8518,Hectare,17411,Tonnes,2.044024419
Andhra Pradesh,SRIKAKULAM,Groundnut,2001-02,Kharif,30461,Hectare,21566,Tonnes,0.707987262
Andhra Pradesh,SRIKAKULAM,Groundnut,2001-02,Rabi,5580,Hectare,6211,Tonnes,1.113082437
Andhra Pradesh,SRIKAKULAM,Groundnut,2002-03,Kharif,29254,Hectare,20829,Tonnes,0.712005196
Andhra Pradesh,SRIKAKULAM,Groundnut,2002-03,Rabi,3999,Hectare,4575,Tonnes,1.144036009
Andhra Pradesh,SRIKAKULAM,Groundnut,2003-04,Kharif,26583,Hectare,22941,Tonnes,0.862995147
Andhra Pradesh,SRIKAKULAM,Groundnut,2003-04,Rabi,6926,Hectare,11026,Tonnes,1.591972278
Andhra Pradesh,VISAKHAPATANAM,Groundnut,2001-02,Kharif,12864,Hectare,14601,Tonnes,1.135027985
Andhra Pradesh,VISAKHAPATANAM,Groundnut,2001-02,Rabi,2208,Hectare,4376,Tonnes,1.981884058
Andhra Pradesh,VISAKHAPATANAM,Groundnut,2002-03,Kharif,10313,Hectare,8477,Tonnes,0.821972268
Andhra Pradesh,VISAKHAPATANAM,Groundnut,2002-03,Rabi,893,Hectare,1562,Tonnes,1.749160134
Andhra Pradesh,VISAKHAPATANAM,Groundnut,2003-04,Kharif,9262,Hectare,10920,Tonnes,1.179011013
Andhra Pradesh,VISAKHAPATANAM,Groundnut,2003-04,Rabi,1583,Hectare,2667,Tonnes,1.684775742
Andhra Pradesh,VIZIANAGARAM,Groundnut,2001-02,Kharif,46758,Hectare,36986,Tonnes,0.791009025
Andhra Pradesh,VIZIANAGARAM,Groundnut,2001-02,Rabi,4688,Hectare,5968,Tonnes,1.273037543
Andhra Pradesh,VIZIANAGARAM,Groundnut,2002-03,Kharif,36766,Hectare,29082,Tonnes,0.791002557
Andhra Pradesh,VIZIANAGARAM,Groundnut,2002-03,Rabi,2806,Hectare,2660,Tonnes,0.947968639
Andhra Pradesh,VIZIANAGARAM,Groundnut,2003-04,Kharif,42798,Hectare,36079,Tonnes,0.843006683
Andhra Pradesh,VIZIANAGARAM,Groundnut,2003-04,Rabi,4266,Hectare,5861,Tonnes,1.373886545
Andhra Pradesh,WARANGAL,Groundnut,2001-02,Kharif,20696,Hectare,22124,Tonnes,1.06899884
Andhra Pradesh,WARANGAL,Groundnut,2001-02,Rabi,24636,Hectare,26065,Tonnes,1.058004546
Andhra Pradesh,WARANGAL,Groundnut,2002-03,Kharif,17499,Hectare,15014,Tonnes,0.857991885
Andhra Pradesh,WARANGAL,Groundnut,2002-03,Rabi,22832,Hectare,23220,Tonnes,1.016993693
Andhra Pradesh,WARANGAL,Groundnut,2003-04,Kharif,16791,Hectare,14407,Tonnes,0.858019177
Andhra Pradesh,WARANGAL,Groundnut,2003-04,Rabi,28264,Hectare,43866,Tonnes,1.552009624
Andhra Pradesh,WEST GODAVARI,Groundnut,2001-02,Kharif,670,Hectare,1126,Tonnes,1.680597015
Andhra Pradesh,WEST GODAVARI,Groundnut,2001-02,Rabi,2701,Hectare,6237,Tonnes,2.309144761
Andhra Pradesh,WEST GODAVARI,Groundnut,2002-03,Kharif,155,Hectare,242,Tonnes,1.561290323
Andhra Pradesh,WEST GODAVARI,Groundnut,2002-03,Rabi,2579,Hectare,5114,Tonnes,1.982939124
Andhra Pradesh,WEST GODAVARI,Groundnut,2003-04,Kharif,465,Hectare,445,Tonnes,0.956989247
Andhra Pradesh,WEST GODAVARI,Groundnut,2003-04,Rabi,2642,Hectare,5345,Tonnes,2.023088569
Andhra Pradesh,ADILABAD,Horse-gram,2001-02,Kharif,82,Hectare,30,Tonnes,0.365853659
Andhra Pradesh,ADILABAD,Horse-gram,2001-02,Rabi,3088,Hectare,1019,Tonnes,0.329987047
Andhra Pradesh,ADILABAD,Horse-gram,2002-03,Kharif,17,Hectare,6,Tonnes,0.352941176
Andhra Pradesh,ADILABAD,Horse-gram,2002-03,Rabi,1176,Hectare,149,Tonnes,0.12670068
Andhra Pradesh,ADILABAD,Horse-gram,2003-04,Kharif,10,Hectare,5,Tonnes,0.5
Andhra Pradesh,ADILABAD,Horse-gram,2003-04,Rabi,1839,Hectare,600,Tonnes,0.326264274
Andhra Pradesh,ANANTAPUR,Horse-gram,2001-02,Kharif,649,Hectare,60,Tonnes,0.092449923
Andhra Pradesh,ANANTAPUR,Horse-gram,2001-02,Rabi,417,Hectare,226,Tonnes,0.541966427
Andhra Pradesh,ANANTAPUR,Horse-gram,2002-03,Kharif,947,Hectare,140,Tonnes,0.147835269
Andhra Pradesh,ANANTAPUR,Horse-gram,2002-03,Rabi,1859,Hectare,688,Tonnes,0.370091447
Andhra Pradesh,ANANTAPUR,Horse-gram,2003-04,Kharif,492,Hectare,54,Tonnes,0.109756098
Andhra Pradesh,ANANTAPUR,Horse-gram,2003-04,Rabi,1560,Hectare,844,Tonnes,0.541025641
Andhra Pradesh,CHITTOOR,Horse-gram,2001-02,Kharif,2373,Hectare,1241,Tonnes,0.522966709
Andhra Pradesh,CHITTOOR,Horse-gram,2001-02,Rabi,1569,Hectare,849,Tonnes,0.541108987
Andhra Pradesh,CHITTOOR,Horse-gram,2002-03,Kharif,6941,Hectare,3679,Tonnes,0.530038899
Andhra Pradesh,CHITTOOR,Horse-gram,2002-03,Rabi,3471,Hectare,1284,Tonnes,0.369922213
Andhra Pradesh,CHITTOOR,Horse-gram,2003-04,Kharif,5495,Hectare,2121,Tonnes,0.385987261
Andhra Pradesh,CHITTOOR,Horse-gram,2003-04,Rabi,1942,Hectare,1051,Tonnes,0.541194645
Andhra Pradesh,EAST GODAVARI,Horse-gram,2001-02,Rabi,1236,Hectare,669,Tonnes,0.541262136
Andhra Pradesh,EAST GODAVARI,Horse-gram,2002-03,Kharif,59,Hectare,29,Tonnes,0.491525424
Andhra Pradesh,EAST GODAVARI,Horse-gram,2002-03,Rabi,709,Hectare,262,Tonnes,0.369534556
Andhra Pradesh,EAST GODAVARI,Horse-gram,2003-04,Rabi,1153,Hectare,624,Tonnes,0.541196878
Andhra Pradesh,GUNTUR,Horse-gram,2002-03,Rabi,9,Hectare,3,Tonnes,0.333333333
Andhra Pradesh,KADAPA,Horse-gram,2001-02,Kharif,367,Hectare,158,Tonnes,0.430517711
Andhra Pradesh,KADAPA,Horse-gram,2001-02,Rabi,625,Hectare,338,Tonnes,0.5408
Andhra Pradesh,KADAPA,Horse-gram,2002-03,Kharif,243,Hectare,118,Tonnes,0.485596708
Andhra Pradesh,KADAPA,Horse-gram,2002-03,Rabi,6017,Hectare,2226,Tonnes,0.369951803
Andhra Pradesh,KADAPA,Horse-gram,2003-04,Kharif,180,Hectare,65,Tonnes,0.361111111
Andhra Pradesh,KADAPA,Horse-gram,2003-04,Rabi,569,Hectare,308,Tonnes,0.541300527
Andhra Pradesh,KARIMNAGAR,Horse-gram,2001-02,Rabi,1157,Hectare,382,Tonnes,0.330164218
Andhra Pradesh,KARIMNAGAR,Horse-gram,2002-03,Rabi,1407,Hectare,179,Tonnes,0.127221038
Andhra Pradesh,KARIMNAGAR,Horse-gram,2003-04,Rabi,1877,Hectare,612,Tonnes,0.326052211
Andhra Pradesh,KHAMMAM,Horse-gram,2001-02,Rabi,559,Hectare,184,Tonnes,0.329159213
Andhra Pradesh,KHAMMAM,Horse-gram,2002-03,Rabi,503,Hectare,64,Tonnes,0.127236581
Andhra Pradesh,KHAMMAM,Horse-gram,2003-04,Rabi,199,Hectare,65,Tonnes,0.326633166
Andhra Pradesh,KRISHNA,Horse-gram,2001-02,Rabi,617,Hectare,334,Tonnes,0.541329011
Andhra Pradesh,KRISHNA,Horse-gram,2002-03,Rabi,404,Hectare,149,Tonnes,0.368811881
Andhra Pradesh,KRISHNA,Horse-gram,2003-04,Kharif,79,Hectare,29,Tonnes,0.367088608
Andhra Pradesh,KRISHNA,Horse-gram,2003-04,Rabi,635,Hectare,344,Tonnes,0.541732283
Andhra Pradesh,KURNOOL,Horse-gram,2001-02,Kharif,4,Hectare,2,Tonnes,0.5
Andhra Pradesh,KURNOOL,Horse-gram,2001-02,Rabi,1681,Hectare,909,Tonnes,0.540749554
Andhra Pradesh,KURNOOL,Horse-gram,2002-03,Kharif,2,Hectare,1,Tonnes,0.5
Andhra Pradesh,KURNOOL,Horse-gram,2002-03,Rabi,1248,Hectare,462,Tonnes,0.370192308
Andhra Pradesh,KURNOOL,Horse-gram,2003-04,Kharif,8,Hectare,3,Tonnes,0.375
Andhra Pradesh,KURNOOL,Horse-gram,2003-04,Rabi,1143,Hectare,618,Tonnes,0.540682415
Andhra Pradesh,MAHBUBNAGAR,Horse-gram,2001-02,Kharif,6024,Hectare,2422,Tonnes,0.402058433
